site,taxon_std,taxon,year,date,plot,abundance,notes
Almont,Achnatherum hymenoides,Achnatherum hymenoides,2016,2016-06-11T00:00:00Z,1,4,NA
Almont,Achnatherum hymenoides,Achnatherum hymenoides,2016,2016-06-11T00:00:00Z,2,0,NA
Almont,Achnatherum hymenoides,Achnatherum hymenoides,2016,2016-06-11T00:00:00Z,3,0,NA
Almont,Achnatherum hymenoides,Achnatherum hymenoides,2016,2016-06-11T00:00:00Z,4,0,NA
Almont,Achnatherum hymenoides,Achnatherum hymenoides,2016,2016-06-11T00:00:00Z,5,0,NA
Almont,Achnatherum pinetorum,Achnatherum pinetorum,2016,2016-06-11T00:00:00Z,1,0,"This is much more common than A. webberi, which was ID in 2009, and is very similar except persistent awn, longer awn."
Almont,Achnatherum pinetorum,Achnatherum pinetorum,2016,2016-06-11T00:00:00Z,2,2,"This is much more common than A. webberi, which was ID in 2009, and is very similar except persistent awn, longer awn."
Almont,Achnatherum pinetorum,Achnatherum pinetorum,2016,2016-06-11T00:00:00Z,3,16,"This is much more common than A. webberi, which was ID in 2009, and is very similar except persistent awn, longer awn."
Almont,Achnatherum pinetorum,Achnatherum pinetorum,2016,2016-06-11T00:00:00Z,4,2,"This is much more common than A. webberi, which was ID in 2009, and is very similar except persistent awn, longer awn."
Almont,Achnatherum pinetorum,Achnatherum pinetorum,2016,2016-06-11T00:00:00Z,5,0,"This is much more common than A. webberi, which was ID in 2009, and is very similar except persistent awn, longer awn."
Almont,Antennaria parvifolia,Antennaria parvifolia,2016,2016-06-11T00:00:00Z,1,0,NA
Almont,Antennaria parvifolia,Antennaria parvifolia,2016,2016-06-11T00:00:00Z,2,6,NA
Almont,Antennaria parvifolia,Antennaria parvifolia,2016,2016-06-11T00:00:00Z,3,0,NA
Almont,Antennaria parvifolia,Antennaria parvifolia,2016,2016-06-11T00:00:00Z,4,0,NA
Almont,Antennaria parvifolia,Antennaria parvifolia,2016,2016-06-11T00:00:00Z,5,0,NA
Almont,Artemisia arbuscula,Artemisia arbuscula,2016,2016-06-11T00:00:00Z,1,0,NA
Almont,Artemisia arbuscula,Artemisia arbuscula,2016,2016-06-11T00:00:00Z,2,7,NA
Almont,Artemisia arbuscula,Artemisia arbuscula,2016,2016-06-11T00:00:00Z,3,9,NA
Almont,Artemisia arbuscula,Artemisia arbuscula,2016,2016-06-11T00:00:00Z,4,6,NA
Almont,Artemisia arbuscula,Artemisia arbuscula,2016,2016-06-11T00:00:00Z,5,5,NA
Almont,Artemisia tridentata,Artemisia tridentata,2016,2016-06-11T00:00:00Z,1,2,NA
Almont,Artemisia tridentata,Artemisia tridentata,2016,2016-06-11T00:00:00Z,2,0,NA
Almont,Artemisia tridentata,Artemisia tridentata,2016,2016-06-11T00:00:00Z,3,0,NA
Almont,Artemisia tridentata,Artemisia tridentata,2016,2016-06-11T00:00:00Z,4,0,NA
Almont,Artemisia tridentata,Artemisia tridentata,2016,2016-06-11T00:00:00Z,5,0,NA
Almont,Balsamorhiza sagittata,Balsamorhiza sagittata,2016,2016-06-11T00:00:00Z,1,0,"Most flowers grazed in past 2 weeks. Counted some small, hairy leaves as seedling BASA (Plot 1: 0 seedlings, 2:1, 3:0, 4:4, 5:2). Was pretty confident about this."
Almont,Balsamorhiza sagittata,Balsamorhiza sagittata,2016,2016-06-11T00:00:00Z,2,1,"Most flowers grazed in past 2 weeks. Counted some small, hairy leaves as seedling BASA (Plot 1: 0 seedlings, 2:1, 3:0, 4:4, 5:2). Was pretty confident about this."
Almont,Balsamorhiza sagittata,Balsamorhiza sagittata,2016,2016-06-11T00:00:00Z,3,1,"Most flowers grazed in past 2 weeks. Counted some small, hairy leaves as seedling BASA (Plot 1: 0 seedlings, 2:1, 3:0, 4:4, 5:2). Was pretty confident about this."
Almont,Balsamorhiza sagittata,Balsamorhiza sagittata,2016,2016-06-11T00:00:00Z,4,7,"Most flowers grazed in past 2 weeks. Counted some small, hairy leaves as seedling BASA (Plot 1: 0 seedlings, 2:1, 3:0, 4:4, 5:2). Was pretty confident about this."
Almont,Balsamorhiza sagittata,Balsamorhiza sagittata,2016,2016-06-11T00:00:00Z,5,2,"Most flowers grazed in past 2 weeks. Counted some small, hairy leaves as seedling BASA (Plot 1: 0 seedlings, 2:1, 3:0, 4:4, 5:2). Was pretty confident about this."
Almont,Boechera lignifera,Boechera lignifera,2016,2016-06-11T00:00:00Z,1,1,NA
Almont,Boechera lignifera,Boechera lignifera,2016,2016-06-11T00:00:00Z,2,2,NA
Almont,Boechera lignifera,Boechera lignifera,2016,2016-06-11T00:00:00Z,3,0,NA
Almont,Boechera lignifera,Boechera lignifera,2016,2016-06-11T00:00:00Z,4,0,NA
Almont,Boechera lignifera,Boechera lignifera,2016,2016-06-11T00:00:00Z,5,0,NA
Almont,Carex siccata,Carex siccata,2016,2016-06-11T00:00:00Z,1,4,NA
Almont,Carex siccata,Carex siccata,2016,2016-06-11T00:00:00Z,2,0,NA
Almont,Carex siccata,Carex siccata,2016,2016-06-11T00:00:00Z,3,23,NA
Almont,Carex siccata,Carex siccata,2016,2016-06-11T00:00:00Z,4,140,NA
Almont,Carex siccata,Carex siccata,2016,2016-06-11T00:00:00Z,5,11,NA
Almont,Castilleja angustifolia,Castilleja angustifolia,2016,2016-06-11T00:00:00Z,1,0,Syn. C. chromosa
Almont,Castilleja angustifolia,Castilleja angustifolia,2016,2016-06-11T00:00:00Z,2,0,Syn. C. chromosa
Almont,Castilleja angustifolia,Castilleja angustifolia,2016,2016-06-11T00:00:00Z,3,3,Syn. C. chromosa
Almont,Castilleja angustifolia,Castilleja angustifolia,2016,2016-06-11T00:00:00Z,4,10,Syn. C. chromosa
Almont,Castilleja angustifolia,Castilleja angustifolia,2016,2016-06-11T00:00:00Z,5,9,Syn. C. chromosa
Almont,Chrysothamnus depressus,Chrysothamnus depressus,2016,2016-06-11T00:00:00Z,1,0,NA
Almont,Chrysothamnus depressus,Chrysothamnus depressus,2016,2016-06-11T00:00:00Z,2,5,NA
Almont,Chrysothamnus depressus,Chrysothamnus depressus,2016,2016-06-11T00:00:00Z,3,6,NA
Almont,Chrysothamnus depressus,Chrysothamnus depressus,2016,2016-06-11T00:00:00Z,4,7,NA
Almont,Chrysothamnus depressus,Chrysothamnus depressus,2016,2016-06-11T00:00:00Z,5,4,NA
Almont,Chrysothamnus viscidiflorus,Chrysothamnus viscidiflorus,2016,2016-06-11T00:00:00Z,1,5,NA
Almont,Chrysothamnus viscidiflorus,Chrysothamnus viscidiflorus,2016,2016-06-11T00:00:00Z,2,0,NA
Almont,Chrysothamnus viscidiflorus,Chrysothamnus viscidiflorus,2016,2016-06-11T00:00:00Z,3,0,NA
Almont,Chrysothamnus viscidiflorus,Chrysothamnus viscidiflorus,2016,2016-06-11T00:00:00Z,4,0,NA
Almont,Chrysothamnus viscidiflorus,Chrysothamnus viscidiflorus,2016,2016-06-11T00:00:00Z,5,0,NA
Almont,Crepis occidentalis,Crepis occidentalis,2016,2016-06-11T00:00:00Z,1,1,"Counted some seedling leaves as this species. (Plot 1: 0 seedlings, 2:1, 3:0, 4:1, 5:0) Was pretty confident."
Almont,Crepis occidentalis,Crepis occidentalis,2016,2016-06-11T00:00:00Z,2,4,"Counted some seedling leaves as this species. (Plot 1: 0 seedlings, 2:1, 3:0, 4:1, 5:0) Was pretty confident."
Almont,Crepis occidentalis,Crepis occidentalis,2016,2016-06-11T00:00:00Z,3,5,"Counted some seedling leaves as this species. (Plot 1: 0 seedlings, 2:1, 3:0, 4:1, 5:0) Was pretty confident."
Almont,Crepis occidentalis,Crepis occidentalis,2016,2016-06-11T00:00:00Z,4,8,"Counted some seedling leaves as this species. (Plot 1: 0 seedlings, 2:1, 3:0, 4:1, 5:0) Was pretty confident."
Almont,Crepis occidentalis,Crepis occidentalis,2016,2016-06-11T00:00:00Z,5,4,"Counted some seedling leaves as this species. (Plot 1: 0 seedlings, 2:1, 3:0, 4:1, 5:0) Was pretty confident."
Almont,Elymus elymoides,Elymus elymoides,2016,2016-06-11T00:00:00Z,1,0,NA
Almont,Elymus elymoides,Elymus elymoides,2016,2016-06-11T00:00:00Z,2,3,NA
Almont,Elymus elymoides,Elymus elymoides,2016,2016-06-11T00:00:00Z,3,0,NA
Almont,Elymus elymoides,Elymus elymoides,2016,2016-06-11T00:00:00Z,4,0,NA
Almont,Elymus elymoides,Elymus elymoides,2016,2016-06-11T00:00:00Z,5,0,NA
Almont,Erigeron eatonii,Erigeron eatonii,2016,2016-06-11T00:00:00Z,1,1,NA
Almont,Erigeron eatonii,Erigeron eatonii,2016,2016-06-11T00:00:00Z,2,1,NA
Almont,Erigeron eatonii,Erigeron eatonii,2016,2016-06-11T00:00:00Z,3,0,NA
Almont,Erigeron eatonii,Erigeron eatonii,2016,2016-06-11T00:00:00Z,4,0,NA
Almont,Erigeron eatonii,Erigeron eatonii,2016,2016-06-11T00:00:00Z,5,1,NA
Almont,Mertensia fusiformis,Mertensia fusiformis,2016,2016-06-11T00:00:00Z,1,0,"Past flowering on 6-11. Used 2013 ID, but need flowers to verify."
Almont,Mertensia fusiformis,Mertensia fusiformis,2016,2016-06-11T00:00:00Z,2,6,"Past flowering on 6-11. Used 2013 ID, but need flowers to verify."
Almont,Mertensia fusiformis,Mertensia fusiformis,2016,2016-06-11T00:00:00Z,3,0,"Past flowering on 6-11. Used 2013 ID, but need flowers to verify."
Almont,Mertensia fusiformis,Mertensia fusiformis,2016,2016-06-11T00:00:00Z,4,1,"Past flowering on 6-11. Used 2013 ID, but need flowers to verify."
Almont,Mertensia fusiformis,Mertensia fusiformis,2016,2016-06-11T00:00:00Z,5,1,"Past flowering on 6-11. Used 2013 ID, but need flowers to verify."
Almont,Penstemon crandallii,Penstemon crandalii,2016,2016-06-11T00:00:00Z,1,6,Need anthers for Penst ID
Almont,Penstemon crandallii,Penstemon crandalii,2016,2016-06-11T00:00:00Z,2,9,Need anthers for Penst ID
Almont,Penstemon crandallii,Penstemon crandalii,2016,2016-06-11T00:00:00Z,3,10,Need anthers for Penst ID
Almont,Penstemon crandallii,Penstemon crandalii,2016,2016-06-11T00:00:00Z,4,1,Need anthers for Penst ID
Almont,Penstemon crandallii,Penstemon crandalii,2016,2016-06-11T00:00:00Z,5,0,Need anthers for Penst ID
Almont,Phlox hoodii,Phlox hoodii,2016,2016-06-11T00:00:00Z,1,5,NA
Almont,Phlox hoodii,Phlox hoodii,2016,2016-06-11T00:00:00Z,2,4,NA
Almont,Phlox hoodii,Phlox hoodii,2016,2016-06-11T00:00:00Z,3,4,NA
Almont,Phlox hoodii,Phlox hoodii,2016,2016-06-11T00:00:00Z,4,14,NA
Almont,Phlox hoodii,Phlox hoodii,2016,2016-06-11T00:00:00Z,5,16,NA
Almont,Poa fendleriana,Poa fendleriana,2016,2016-06-11T00:00:00Z,1,3,NA
Almont,Poa fendleriana,Poa fendleriana,2016,2016-06-11T00:00:00Z,2,24,NA
Almont,Poa fendleriana,Poa fendleriana,2016,2016-06-11T00:00:00Z,3,21,NA
Almont,Poa fendleriana,Poa fendleriana,2016,2016-06-11T00:00:00Z,4,22,NA
Almont,Poa fendleriana,Poa fendleriana,2016,2016-06-11T00:00:00Z,5,14,NA
Almont,Purshia tridentata,Purshia tridentata,2016,2016-06-11T00:00:00Z,1,1,NA
Almont,Purshia tridentata,Purshia tridentata,2016,2016-06-11T00:00:00Z,2,0,NA
Almont,Purshia tridentata,Purshia tridentata,2016,2016-06-11T00:00:00Z,3,0,NA
Almont,Purshia tridentata,Purshia tridentata,2016,2016-06-11T00:00:00Z,4,0,NA
Almont,Purshia tridentata,Purshia tridentata,2016,2016-06-11T00:00:00Z,5,0,NA
Almont,Sisymbrium linifolium,Schoenocrambe linifolia,2016,2016-06-11T00:00:00Z,1,6,Get this for RMBL herbarium
Almont,Sisymbrium linifolium,Schoenocrambe linifolia,2016,2016-06-11T00:00:00Z,2,0,Get this for RMBL herbarium
Almont,Sisymbrium linifolium,Schoenocrambe linifolia,2016,2016-06-11T00:00:00Z,3,0,Get this for RMBL herbarium
Almont,Sisymbrium linifolium,Schoenocrambe linifolia,2016,2016-06-11T00:00:00Z,4,0,Get this for RMBL herbarium
Almont,Sisymbrium linifolium,Schoenocrambe linifolia,2016,2016-06-11T00:00:00Z,5,0,Get this for RMBL herbarium
Almont,Symphoricarpos oreophilus,Symphoricarpos oreophilus,2016,2016-06-11T00:00:00Z,1,0,Syn: Symphoricarpos rotundifolius
Almont,Symphoricarpos oreophilus,Symphoricarpos oreophilus,2016,2016-06-11T00:00:00Z,2,0,Syn: Symphoricarpos rotundifolius
Almont,Symphoricarpos oreophilus,Symphoricarpos oreophilus,2016,2016-06-11T00:00:00Z,3,0,Syn: Symphoricarpos rotundifolius
Almont,Symphoricarpos oreophilus,Symphoricarpos oreophilus,2016,2016-06-11T00:00:00Z,4,0,Syn: Symphoricarpos rotundifolius
Almont,Symphoricarpos oreophilus,Symphoricarpos oreophilus,2016,2016-06-11T00:00:00Z,5,1,Syn: Symphoricarpos rotundifolius
Almont,Trifolium sp.,Trifolium sp.,2016,2016-06-11T00:00:00Z,1,20,"No flowers, even when I went back"
Almont,Trifolium sp.,Trifolium sp.,2016,2016-06-11T00:00:00Z,2,4,"No flowers, even when I went back"
Almont,Trifolium sp.,Trifolium sp.,2016,2016-06-11T00:00:00Z,3,3,"No flowers, even when I went back"
Almont,Trifolium sp.,Trifolium sp.,2016,2016-06-11T00:00:00Z,4,23,"No flowers, even when I went back"
Almont,Trifolium sp.,Trifolium sp.,2016,2016-06-11T00:00:00Z,5,0,"No flowers, even when I went back"
CBT,Achnatherum nelsonii,Achnatherum nelsonii,2016,2016-06-21T00:00:00Z,1,0,NA
CBT,Achnatherum nelsonii,Achnatherum nelsonii,2016,2016-06-21T00:00:00Z,2,0,NA
CBT,Achnatherum nelsonii,Achnatherum nelsonii,2016,2016-06-21T00:00:00Z,3,65,NA
CBT,Achnatherum nelsonii,Achnatherum nelsonii,2016,2016-06-21T00:00:00Z,4,0,NA
CBT,Achnatherum nelsonii,Achnatherum nelsonii,2016,2016-06-21T00:00:00Z,5,8,NA
CBT,AF10 - Unknown,AF10 - Unknown,2016,2016-06-21T00:00:00Z,1,0,Go back!
CBT,AF10 - Unknown,AF10 - Unknown,2016,2016-06-21T00:00:00Z,2,0,Go back!
CBT,AF10 - Unknown,AF10 - Unknown,2016,2016-06-21T00:00:00Z,3,0,Go back!
CBT,AF10 - Unknown,AF10 - Unknown,2016,2016-06-21T00:00:00Z,4,1,Go back!
CBT,AF10 - Unknown,AF10 - Unknown,2016,2016-06-21T00:00:00Z,5,0,Go back!
CBT,AF11 - Unknown,AF11 - Unknown,2016,2016-06-21T00:00:00Z,1,0,Go back!
CBT,AF11 - Unknown,AF11 - Unknown,2016,2016-06-21T00:00:00Z,2,0,Go back!
CBT,AF11 - Unknown,AF11 - Unknown,2016,2016-06-21T00:00:00Z,3,1,Go back!
CBT,AF11 - Unknown,AF11 - Unknown,2016,2016-06-21T00:00:00Z,4,0,Go back!
CBT,AF11 - Unknown,AF11 - Unknown,2016,2016-06-21T00:00:00Z,5,0,Go back!
CBT,Agrostis gigantea,Agrostis gigantea,2016,2016-07-26T00:00:00Z,1,0,This had a seedhead about a month later. I counted it as Phleum before; blades looked very similar and is intermixed with Phleum.
CBT,Agrostis gigantea,Agrostis gigantea,2016,2016-07-26T00:00:00Z,2,14,This had a seedhead about a month later. I counted it as Phleum before; blades looked very similar and is intermixed with Phleum.
CBT,Agrostis gigantea,Agrostis gigantea,2016,2016-07-26T00:00:00Z,3,0,This had a seedhead about a month later. I counted it as Phleum before; blades looked very similar and is intermixed with Phleum.
CBT,Agrostis gigantea,Agrostis gigantea,2016,2016-07-26T00:00:00Z,4,3,This had a seedhead about a month later. I counted it as Phleum before; blades looked very similar and is intermixed with Phleum.
CBT,Agrostis gigantea,Agrostis gigantea,2016,2016-07-26T00:00:00Z,5,10,This had a seedhead about a month later. I counted it as Phleum before; blades looked very similar and is intermixed with Phleum.
CBT,Androsace septentrionalis,Androsace septentrionalis,2016,2016-06-21T00:00:00Z,1,6,NA
CBT,Androsace septentrionalis,Androsace septentrionalis,2016,2016-06-21T00:00:00Z,2,0,NA
CBT,Androsace septentrionalis,Androsace septentrionalis,2016,2016-06-21T00:00:00Z,3,7,NA
CBT,Androsace septentrionalis,Androsace septentrionalis,2016,2016-06-21T00:00:00Z,4,0,NA
CBT,Androsace septentrionalis,Androsace septentrionalis,2016,2016-06-21T00:00:00Z,5,0,NA
CBT,Bromus carinatus,Ceratochloa carinata,2016,2016-06-21T00:00:00Z,1,35,"Confident that this grass was at 1 and 2, but not sure if it was the same grass at 3-5, so those are written as unknown (plot 3) or blue grass (plots 4-5) until I can go back."
CBT,Bromus carinatus,Ceratochloa carinata,2016,2016-06-21T00:00:00Z,2,0,"Confident that this grass was at 1 and 2, but not sure if it was the same grass at 3-5, so those are written as unknown (plot 3) or blue grass (plots 4-5) until I can go back."
CBT,Bromus carinatus,Ceratochloa carinata,2016,2016-06-21T00:00:00Z,3,2,"Confident that this grass was at 1 and 2, but not sure if it was the same grass at 3-5, so those are written as unknown (plot 3) or blue grass (plots 4-5) until I can go back."
CBT,Bromus carinatus,Ceratochloa carinata,2016,2016-06-21T00:00:00Z,4,0,"Confident that this grass was at 1 and 2, but not sure if it was the same grass at 3-5, so those are written as unknown (plot 3) or blue grass (plots 4-5) until I can go back."
CBT,Bromus carinatus,Ceratochloa carinata,2016,2016-06-21T00:00:00Z,5,0,"Confident that this grass was at 1 and 2, but not sure if it was the same grass at 3-5, so those are written as unknown (plot 3) or blue grass (plots 4-5) until I can go back."
CBT,Collomia linearis,Collomia linearis,2016,2016-06-21T00:00:00Z,1,99,NA
CBT,Collomia linearis,Collomia linearis,2016,2016-06-21T00:00:00Z,2,0,NA
CBT,Collomia linearis,Collomia linearis,2016,2016-06-21T00:00:00Z,3,19,NA
CBT,Collomia linearis,Collomia linearis,2016,2016-06-21T00:00:00Z,4,0,NA
CBT,Collomia linearis,Collomia linearis,2016,2016-06-21T00:00:00Z,5,0,NA
CBT,Equisetum laevigatum,Equisetum laevigatum,2016,2016-06-21T00:00:00Z,1,0,NA
CBT,Equisetum laevigatum,Equisetum laevigatum,2016,2016-06-21T00:00:00Z,2,4,NA
CBT,Equisetum laevigatum,Equisetum laevigatum,2016,2016-06-21T00:00:00Z,3,7,NA
CBT,Equisetum laevigatum,Equisetum laevigatum,2016,2016-06-21T00:00:00Z,4,6,NA
CBT,Equisetum laevigatum,Equisetum laevigatum,2016,2016-06-21T00:00:00Z,5,0,NA
CBT,Geum triflorum,Geum triflorum,2016,2016-06-21T00:00:00Z,1,0,NA
CBT,Geum triflorum,Geum triflorum,2016,2016-06-21T00:00:00Z,2,0,NA
CBT,Geum triflorum,Geum triflorum,2016,2016-06-21T00:00:00Z,3,0,NA
CBT,Geum triflorum,Geum triflorum,2016,2016-06-21T00:00:00Z,4,19,NA
CBT,Geum triflorum,Geum triflorum,2016,2016-06-21T00:00:00Z,5,1,NA
CBT,Juncus sp.,Juncus sp.,2016,2016-06-21T00:00:00Z,1,0,NA
CBT,Juncus sp.,Juncus sp.,2016,2016-06-21T00:00:00Z,2,0,NA
CBT,Juncus sp.,Juncus sp.,2016,2016-06-21T00:00:00Z,3,0,NA
CBT,Juncus sp.,Juncus sp.,2016,2016-06-21T00:00:00Z,4,0,NA
CBT,Juncus sp.,Juncus sp.,2016,2016-06-21T00:00:00Z,5,29,NA
CBT,Leucanthemum vulgare,Leucanthemum vulgare,2016,2016-06-21T00:00:00Z,1,48,NA
CBT,Leucanthemum vulgare,Leucanthemum vulgare,2016,2016-06-21T00:00:00Z,2,36,NA
CBT,Leucanthemum vulgare,Leucanthemum vulgare,2016,2016-06-21T00:00:00Z,3,0,NA
CBT,Leucanthemum vulgare,Leucanthemum vulgare,2016,2016-06-21T00:00:00Z,4,1,NA
CBT,Leucanthemum vulgare,Leucanthemum vulgare,2016,2016-06-21T00:00:00Z,5,0,NA
CBT,Mertensia sp.,Mertensia sp.,2016,2016-06-21T00:00:00Z,1,0,NA
CBT,Mertensia sp.,Mertensia sp.,2016,2016-06-21T00:00:00Z,2,0,NA
CBT,Mertensia sp.,Mertensia sp.,2016,2016-06-21T00:00:00Z,3,0,NA
CBT,Mertensia sp.,Mertensia sp.,2016,2016-06-21T00:00:00Z,4,7,NA
CBT,Mertensia sp.,Mertensia sp.,2016,2016-06-21T00:00:00Z,5,0,NA
CBT,Penstemon rydbergii,Penstemon rydbergii,2016,2016-06-21T00:00:00Z,1,0,NA
CBT,Penstemon rydbergii,Penstemon rydbergii,2016,2016-06-21T00:00:00Z,2,2,NA
CBT,Penstemon rydbergii,Penstemon rydbergii,2016,2016-06-21T00:00:00Z,3,0,NA
CBT,Penstemon rydbergii,Penstemon rydbergii,2016,2016-06-21T00:00:00Z,4,9,NA
CBT,Penstemon rydbergii,Penstemon rydbergii,2016,2016-06-21T00:00:00Z,5,0,NA
CBT,Phleum pratense,Phleum pratense,2016,2016-06-21T00:00:00Z,1,6,NA
CBT,Phleum pratense,Phleum pratense,2016,2016-06-21T00:00:00Z,2,86,NA
CBT,Phleum pratense,Phleum pratense,2016,2016-06-21T00:00:00Z,3,42,NA
CBT,Phleum pratense,Phleum pratense,2016,2016-06-21T00:00:00Z,4,49,NA
CBT,Phleum pratense,Phleum pratense,2016,2016-06-21T00:00:00Z,5,75,NA
CBT,Poa pratensis,Poa pratensis,2016,2016-06-21T00:00:00Z,1,287,NA
CBT,Poa pratensis,Poa pratensis,2016,2016-06-21T00:00:00Z,2,79,NA
CBT,Poa pratensis,Poa pratensis,2016,2016-06-21T00:00:00Z,3,301,NA
CBT,Poa pratensis,Poa pratensis,2016,2016-06-21T00:00:00Z,4,360,NA
CBT,Poa pratensis,Poa pratensis,2016,2016-06-21T00:00:00Z,5,506,NA
CBT,Potentilla fruticosa,Potentilla fruticosa,2016,2016-06-21T00:00:00Z,1,1,NA
CBT,Potentilla fruticosa,Potentilla fruticosa,2016,2016-06-21T00:00:00Z,2,3,NA
CBT,Potentilla fruticosa,Potentilla fruticosa,2016,2016-06-21T00:00:00Z,3,0,NA
CBT,Potentilla fruticosa,Potentilla fruticosa,2016,2016-06-21T00:00:00Z,4,1,NA
CBT,Potentilla fruticosa,Potentilla fruticosa,2016,2016-06-21T00:00:00Z,5,8,NA
CBT,Potentilla gracilis,Potentilla gracilis,2016,2016-06-21T00:00:00Z,1,0,NA
CBT,Potentilla gracilis,Potentilla gracilis,2016,2016-06-21T00:00:00Z,2,0,NA
CBT,Potentilla gracilis,Potentilla gracilis,2016,2016-06-21T00:00:00Z,3,1,NA
CBT,Potentilla gracilis,Potentilla gracilis,2016,2016-06-21T00:00:00Z,4,0,NA
CBT,Potentilla gracilis,Potentilla gracilis,2016,2016-06-21T00:00:00Z,5,0,NA
CBT,Taraxacum officinale,Taraxacum officinale,2016,2016-06-21T00:00:00Z,1,6,NA
CBT,Taraxacum officinale,Taraxacum officinale,2016,2016-06-21T00:00:00Z,2,0,NA
CBT,Taraxacum officinale,Taraxacum officinale,2016,2016-06-21T00:00:00Z,3,8,NA
CBT,Taraxacum officinale,Taraxacum officinale,2016,2016-06-21T00:00:00Z,4,15,NA
CBT,Taraxacum officinale,Taraxacum officinale,2016,2016-06-21T00:00:00Z,5,3,NA
CBT,Thalictrum fendleri,Thalictrum fendleri,2016,2016-06-21T00:00:00Z,1,0,NA
CBT,Thalictrum fendleri,Thalictrum fendleri,2016,2016-06-21T00:00:00Z,2,0,NA
CBT,Thalictrum fendleri,Thalictrum fendleri,2016,2016-06-21T00:00:00Z,3,9,NA
CBT,Thalictrum fendleri,Thalictrum fendleri,2016,2016-06-21T00:00:00Z,4,12,NA
CBT,Thalictrum fendleri,Thalictrum fendleri,2016,2016-06-21T00:00:00Z,5,0,NA
CBT,Thlaspi arvense,Thlaspi arvense,2016,2016-06-21T00:00:00Z,1,2,NA
CBT,Thlaspi arvense,Thlaspi arvense,2016,2016-06-21T00:00:00Z,2,0,NA
CBT,Thlaspi arvense,Thlaspi arvense,2016,2016-06-21T00:00:00Z,3,8,NA
CBT,Thlaspi arvense,Thlaspi arvense,2016,2016-06-21T00:00:00Z,4,11,NA
CBT,Thlaspi arvense,Thlaspi arvense,2016,2016-06-21T00:00:00Z,5,1,NA
CBT,Tragopogon dubius,Tragopogon dubius,2016,2016-06-21T00:00:00Z,1,1,NA
CBT,Tragopogon dubius,Tragopogon dubius,2016,2016-06-21T00:00:00Z,2,0,NA
CBT,Tragopogon dubius,Tragopogon dubius,2016,2016-06-21T00:00:00Z,3,0,NA
CBT,Tragopogon dubius,Tragopogon dubius,2016,2016-06-21T00:00:00Z,4,6,NA
CBT,Tragopogon dubius,Tragopogon dubius,2016,2016-06-21T00:00:00Z,5,0,NA
CBT,Trifolium sp.,Trifolium sp.,2016,2016-06-21T00:00:00Z,1,0,NA
CBT,Trifolium sp.,Trifolium sp.,2016,2016-06-21T00:00:00Z,2,0,NA
CBT,Trifolium sp.,Trifolium sp.,2016,2016-06-21T00:00:00Z,3,1,NA
CBT,Trifolium sp.,Trifolium sp.,2016,2016-06-21T00:00:00Z,4,0,NA
CBT,Trifolium sp.,Trifolium sp.,2016,2016-06-21T00:00:00Z,5,0,NA
CBT,Unknown,Unknown,2016,2016-06-21T00:00:00Z,1,1,Go back!
CBT,Unknown,Unknown,2016,2016-06-21T00:00:00Z,2,0,Go back!
CBT,Unknown,Unknown,2016,2016-06-21T00:00:00Z,3,0,Go back!
CBT,Unknown,Unknown,2016,2016-06-21T00:00:00Z,4,0,Go back!
CBT,Unknown,Unknown,2016,2016-06-21T00:00:00Z,5,0,Go back!
CBT,Valeriana capitata,Valeriana capitata,2016,2016-06-21T00:00:00Z,1,0,NA
CBT,Valeriana capitata,Valeriana capitata,2016,2016-06-21T00:00:00Z,2,0,NA
CBT,Valeriana capitata,Valeriana capitata,2016,2016-06-21T00:00:00Z,3,0,NA
CBT,Valeriana capitata,Valeriana capitata,2016,2016-06-21T00:00:00Z,4,22,NA
CBT,Valeriana capitata,Valeriana capitata,2016,2016-06-21T00:00:00Z,5,0,NA
Cinnamon,Agoseris glauca,Agoseris glauca,2016,2016-07-18T00:00:00Z,1,2,NA
Cinnamon,Agoseris glauca,Agoseris glauca,2016,2016-07-18T00:00:00Z,2,2,NA
Cinnamon,Agoseris glauca,Agoseris glauca,2016,2016-07-18T00:00:00Z,3,0,NA
Cinnamon,Agoseris glauca,Agoseris glauca,2016,2016-07-18T00:00:00Z,4,7,NA
Cinnamon,Agoseris glauca,Agoseris glauca,2016,2016-07-18T00:00:00Z,5,11,NA
Cinnamon,Androsace septentrionalis,Androsace septentrionalis,2016,2016-07-18T00:00:00Z,1,1,NA
Cinnamon,Androsace septentrionalis,Androsace septentrionalis,2016,2016-07-18T00:00:00Z,2,4,NA
Cinnamon,Androsace septentrionalis,Androsace septentrionalis,2016,2016-07-18T00:00:00Z,3,1,NA
Cinnamon,Androsace septentrionalis,Androsace septentrionalis,2016,2016-07-18T00:00:00Z,4,0,NA
Cinnamon,Androsace septentrionalis,Androsace septentrionalis,2016,2016-07-18T00:00:00Z,5,0,NA
Cinnamon,Antennaria media,Antennaria media,2016,2016-07-18T00:00:00Z,1,0,NA
Cinnamon,Antennaria media,Antennaria media,2016,2016-07-18T00:00:00Z,2,0,NA
Cinnamon,Antennaria media,Antennaria media,2016,2016-07-18T00:00:00Z,3,9,NA
Cinnamon,Antennaria media,Antennaria media,2016,2016-07-18T00:00:00Z,4,0,NA
Cinnamon,Antennaria media,Antennaria media,2016,2016-07-18T00:00:00Z,5,0,NA
Cinnamon,Arctostaphylos uva-ursi,Arctostaphylos uva-ursi,2016,2016-07-18T00:00:00Z,1,0,NA
Cinnamon,Arctostaphylos uva-ursi,Arctostaphylos uva-ursi,2016,2016-07-18T00:00:00Z,2,0,NA
Cinnamon,Arctostaphylos uva-ursi,Arctostaphylos uva-ursi,2016,2016-07-18T00:00:00Z,3,0,NA
Cinnamon,Arctostaphylos uva-ursi,Arctostaphylos uva-ursi,2016,2016-07-18T00:00:00Z,4,3,NA
Cinnamon,Arctostaphylos uva-ursi,Arctostaphylos uva-ursi,2016,2016-07-18T00:00:00Z,5,12,NA
Cinnamon,Arnica mollis,Arnica mollis,2016,2016-07-18T00:00:00Z,1,88,NA
Cinnamon,Arnica mollis,Arnica mollis,2016,2016-07-18T00:00:00Z,2,20,NA
Cinnamon,Arnica mollis,Arnica mollis,2016,2016-07-18T00:00:00Z,3,9,NA
Cinnamon,Arnica mollis,Arnica mollis,2016,2016-07-18T00:00:00Z,4,52,NA
Cinnamon,Arnica mollis,Arnica mollis,2016,2016-07-18T00:00:00Z,5,47,NA
Cinnamon,Carex ebenea,Carex ebenea,2016,2016-07-18T00:00:00Z,1,8,NA
Cinnamon,Carex ebenea,Carex ebenea,2016,2016-07-18T00:00:00Z,2,1,NA
Cinnamon,Carex ebenea,Carex ebenea,2016,2016-07-18T00:00:00Z,3,2,NA
Cinnamon,Carex ebenea,Carex ebenea,2016,2016-07-18T00:00:00Z,4,24,NA
Cinnamon,Carex ebenea,Carex ebenea,2016,2016-07-18T00:00:00Z,5,12,NA
Cinnamon,Castilleja septentrionalis,Castilleja sulphurea,2016,2016-07-18T00:00:00Z,1,7,NA
Cinnamon,Castilleja septentrionalis,Castilleja sulphurea,2016,2016-07-18T00:00:00Z,2,8,NA
Cinnamon,Castilleja septentrionalis,Castilleja sulphurea,2016,2016-07-18T00:00:00Z,3,6,NA
Cinnamon,Castilleja septentrionalis,Castilleja sulphurea,2016,2016-07-18T00:00:00Z,4,1,NA
Cinnamon,Castilleja septentrionalis,Castilleja sulphurea,2016,2016-07-18T00:00:00Z,5,4,NA
Cinnamon,Deschampsia cespitosa,Deschampsia cespitosa,2016,2016-07-18T00:00:00Z,1,11,NA
Cinnamon,Deschampsia cespitosa,Deschampsia cespitosa,2016,2016-07-18T00:00:00Z,2,7,NA
Cinnamon,Deschampsia cespitosa,Deschampsia cespitosa,2016,2016-07-18T00:00:00Z,3,13,NA
Cinnamon,Deschampsia cespitosa,Deschampsia cespitosa,2016,2016-07-18T00:00:00Z,4,1,NA
Cinnamon,Deschampsia cespitosa,Deschampsia cespitosa,2016,2016-07-18T00:00:00Z,5,0,NA
Cinnamon,Draba poluniniana,Thlaspi montanum,2016,2016-07-18T00:00:00Z,1,6,NA
Cinnamon,Draba poluniniana,Thlaspi montanum,2016,2016-07-18T00:00:00Z,2,0,NA
Cinnamon,Draba poluniniana,Thlaspi montanum,2016,2016-07-18T00:00:00Z,3,0,NA
Cinnamon,Draba poluniniana,Thlaspi montanum,2016,2016-07-18T00:00:00Z,4,0,NA
Cinnamon,Draba poluniniana,Thlaspi montanum,2016,2016-07-18T00:00:00Z,5,0,NA
Cinnamon,Draba spectabilis,Draba spectabilis,2016,2016-07-18T00:00:00Z,1,14,NA
Cinnamon,Draba spectabilis,Draba spectabilis,2016,2016-07-18T00:00:00Z,2,19,NA
Cinnamon,Draba spectabilis,Draba spectabilis,2016,2016-07-18T00:00:00Z,3,9,NA
Cinnamon,Draba spectabilis,Draba spectabilis,2016,2016-07-18T00:00:00Z,4,0,NA
Cinnamon,Draba spectabilis,Draba spectabilis,2016,2016-07-18T00:00:00Z,5,10,NA
Cinnamon,Erigeron glacialis,Erigeron glacialis,2016,2016-07-18T00:00:00Z,1,14,NA
Cinnamon,Erigeron glacialis,Erigeron glacialis,2016,2016-07-18T00:00:00Z,2,0,NA
Cinnamon,Erigeron glacialis,Erigeron glacialis,2016,2016-07-18T00:00:00Z,3,2,NA
Cinnamon,Erigeron glacialis,Erigeron glacialis,2016,2016-07-18T00:00:00Z,4,0,NA
Cinnamon,Erigeron glacialis,Erigeron glacialis,2016,2016-07-18T00:00:00Z,5,0,NA
Cinnamon,Erythronium grandiflorum,Erythronium gradiflorum,2016,2016-07-18T00:00:00Z,1,0,NA
Cinnamon,Erythronium grandiflorum,Erythronium gradiflorum,2016,2016-07-18T00:00:00Z,2,0,NA
Cinnamon,Erythronium grandiflorum,Erythronium gradiflorum,2016,2016-07-18T00:00:00Z,3,0,NA
Cinnamon,Erythronium grandiflorum,Erythronium gradiflorum,2016,2016-07-18T00:00:00Z,4,1,NA
Cinnamon,Erythronium grandiflorum,Erythronium gradiflorum,2016,2016-07-18T00:00:00Z,5,6,NA
Cinnamon,Forb 3 (small purp opp),Forb 3 (small purp opp),2016,2016-07-18T00:00:00Z,1,1,Not yet keyed
Cinnamon,Forb 3 (small purp opp),Forb 3 (small purp opp),2016,2016-07-18T00:00:00Z,2,4,Not yet keyed
Cinnamon,Forb 3 (small purp opp),Forb 3 (small purp opp),2016,2016-07-18T00:00:00Z,3,2,Not yet keyed
Cinnamon,Forb 3 (small purp opp),Forb 3 (small purp opp),2016,2016-07-18T00:00:00Z,4,0,Not yet keyed
Cinnamon,Forb 3 (small purp opp),Forb 3 (small purp opp),2016,2016-07-18T00:00:00Z,5,0,Not yet keyed
Cinnamon,Hieracium triste,Hieracium triste,2016,2016-07-18T00:00:00Z,1,0,NA
Cinnamon,Hieracium triste,Hieracium triste,2016,2016-07-18T00:00:00Z,2,0,NA
Cinnamon,Hieracium triste,Hieracium triste,2016,2016-07-18T00:00:00Z,3,1,NA
Cinnamon,Hieracium triste,Hieracium triste,2016,2016-07-18T00:00:00Z,4,2,NA
Cinnamon,Hieracium triste,Hieracium triste,2016,2016-07-18T00:00:00Z,5,0,NA
Cinnamon,Juncus drummondii,Juncus drummondii,2016,2016-07-18T00:00:00Z,1,7,NA
Cinnamon,Juncus drummondii,Juncus drummondii,2016,2016-07-18T00:00:00Z,2,17,NA
Cinnamon,Juncus drummondii,Juncus drummondii,2016,2016-07-18T00:00:00Z,3,9,NA
Cinnamon,Juncus drummondii,Juncus drummondii,2016,2016-07-18T00:00:00Z,4,5,NA
Cinnamon,Juncus drummondii,Juncus drummondii,2016,2016-07-18T00:00:00Z,5,14,NA
Cinnamon,Koeleria spicata,Trisetum spicatum,2016,2016-07-18T00:00:00Z,1,2,NA
Cinnamon,Koeleria spicata,Trisetum spicatum,2016,2016-07-18T00:00:00Z,2,1,NA
Cinnamon,Koeleria spicata,Trisetum spicatum,2016,2016-07-18T00:00:00Z,3,1,NA
Cinnamon,Koeleria spicata,Trisetum spicatum,2016,2016-07-18T00:00:00Z,4,1,NA
Cinnamon,Koeleria spicata,Trisetum spicatum,2016,2016-07-18T00:00:00Z,5,1,NA
Cinnamon,Lewisia pygmaea,Lewisia pygmaea,2016,2016-07-18T00:00:00Z,1,0,NA
Cinnamon,Lewisia pygmaea,Lewisia pygmaea,2016,2016-07-18T00:00:00Z,2,1,NA
Cinnamon,Lewisia pygmaea,Lewisia pygmaea,2016,2016-07-18T00:00:00Z,3,0,NA
Cinnamon,Lewisia pygmaea,Lewisia pygmaea,2016,2016-07-18T00:00:00Z,4,0,NA
Cinnamon,Lewisia pygmaea,Lewisia pygmaea,2016,2016-07-18T00:00:00Z,5,0,NA
Cinnamon,Lupinus argenteus,Lupinus argenteus,2016,2016-07-18T00:00:00Z,1,0,NA
Cinnamon,Lupinus argenteus,Lupinus argenteus,2016,2016-07-18T00:00:00Z,2,0,NA
Cinnamon,Lupinus argenteus,Lupinus argenteus,2016,2016-07-18T00:00:00Z,3,0,NA
Cinnamon,Lupinus argenteus,Lupinus argenteus,2016,2016-07-18T00:00:00Z,4,1,NA
Cinnamon,Lupinus argenteus,Lupinus argenteus,2016,2016-07-18T00:00:00Z,5,0,NA
Cinnamon,Phleum alpinum,Phleum alpinum,2016,2016-07-18T00:00:00Z,1,0,NA
Cinnamon,Phleum alpinum,Phleum alpinum,2016,2016-07-18T00:00:00Z,2,1,NA
Cinnamon,Phleum alpinum,Phleum alpinum,2016,2016-07-18T00:00:00Z,3,0,NA
Cinnamon,Phleum alpinum,Phleum alpinum,2016,2016-07-18T00:00:00Z,4,0,NA
Cinnamon,Phleum alpinum,Phleum alpinum,2016,2016-07-18T00:00:00Z,5,0,NA
Cinnamon,Poa cusickii,Poa cusickii,2016,2016-07-18T00:00:00Z,1,2,NA
Cinnamon,Poa cusickii,Poa cusickii,2016,2016-07-18T00:00:00Z,2,3,NA
Cinnamon,Poa cusickii,Poa cusickii,2016,2016-07-18T00:00:00Z,3,6,NA
Cinnamon,Poa cusickii,Poa cusickii,2016,2016-07-18T00:00:00Z,4,2,NA
Cinnamon,Poa cusickii,Poa cusickii,2016,2016-07-18T00:00:00Z,5,7,NA
Cinnamon,Poa glauca,Poa glauca,2016,2016-07-18T00:00:00Z,1,6,NA
Cinnamon,Poa glauca,Poa glauca,2016,2016-07-18T00:00:00Z,2,2,NA
Cinnamon,Poa glauca,Poa glauca,2016,2016-07-18T00:00:00Z,3,9,NA
Cinnamon,Poa glauca,Poa glauca,2016,2016-07-18T00:00:00Z,4,21,NA
Cinnamon,Poa glauca,Poa glauca,2016,2016-07-18T00:00:00Z,5,21,NA
Cinnamon,Potentilla gracilis,Potentilla gracilis,2016,2016-07-18T00:00:00Z,1,0,Not yet keyed
Cinnamon,Potentilla gracilis,Potentilla gracilis,2016,2016-07-18T00:00:00Z,2,3,Not yet keyed
Cinnamon,Potentilla gracilis,Potentilla gracilis,2016,2016-07-18T00:00:00Z,3,0,Not yet keyed
Cinnamon,Potentilla gracilis,Potentilla gracilis,2016,2016-07-18T00:00:00Z,4,0,Not yet keyed
Cinnamon,Potentilla gracilis,Potentilla gracilis,2016,2016-07-18T00:00:00Z,5,0,Not yet keyed
Cinnamon,Pseudocymopterus montanus,Pseudocymopterus montanus,2016,2016-07-18T00:00:00Z,1,0,NA
Cinnamon,Pseudocymopterus montanus,Pseudocymopterus montanus,2016,2016-07-18T00:00:00Z,2,0,NA
Cinnamon,Pseudocymopterus montanus,Pseudocymopterus montanus,2016,2016-07-18T00:00:00Z,3,5,NA
Cinnamon,Pseudocymopterus montanus,Pseudocymopterus montanus,2016,2016-07-18T00:00:00Z,4,0,NA
Cinnamon,Pseudocymopterus montanus,Pseudocymopterus montanus,2016,2016-07-18T00:00:00Z,5,2,NA
Cinnamon,Senecio crassulus,Senecio crassulus,2016,2016-07-18T00:00:00Z,1,6,Not yet keyed
Cinnamon,Senecio crassulus,Senecio crassulus,2016,2016-07-18T00:00:00Z,2,71,Not yet keyed
Cinnamon,Senecio crassulus,Senecio crassulus,2016,2016-07-18T00:00:00Z,3,136,Not yet keyed
Cinnamon,Senecio crassulus,Senecio crassulus,2016,2016-07-18T00:00:00Z,4,76,Not yet keyed
Cinnamon,Senecio crassulus,Senecio crassulus,2016,2016-07-18T00:00:00Z,5,45,Not yet keyed
Cinnamon,Sibbaldia procumbens,Sibbaldia procumbens,2016,2016-07-18T00:00:00Z,1,16,NA
Cinnamon,Sibbaldia procumbens,Sibbaldia procumbens,2016,2016-07-18T00:00:00Z,2,11,NA
Cinnamon,Sibbaldia procumbens,Sibbaldia procumbens,2016,2016-07-18T00:00:00Z,3,21,NA
Cinnamon,Sibbaldia procumbens,Sibbaldia procumbens,2016,2016-07-18T00:00:00Z,4,35,NA
Cinnamon,Sibbaldia procumbens,Sibbaldia procumbens,2016,2016-07-18T00:00:00Z,5,31,NA
Cinnamon,Viola sp.,Viola sp.,2016,2016-07-18T00:00:00Z,1,25,Not yet keyed
Cinnamon,Viola sp.,Viola sp.,2016,2016-07-18T00:00:00Z,2,25,Not yet keyed
Cinnamon,Viola sp.,Viola sp.,2016,2016-07-18T00:00:00Z,3,25,Not yet keyed
Cinnamon,Viola sp.,Viola sp.,2016,2016-07-18T00:00:00Z,4,2,Not yet keyed
Cinnamon,Viola sp.,Viola sp.,2016,2016-07-18T00:00:00Z,5,32,Not yet keyed
PBM,Achnatherum lettermanii,Achnatherum lettermanii,2016,2016-07-23T00:00:00Z,1,0,NA
PBM,Achnatherum lettermanii,Achnatherum lettermanii,2016,2016-07-23T00:00:00Z,2,0,NA
PBM,Achnatherum lettermanii,Achnatherum lettermanii,2016,2016-07-23T00:00:00Z,3,0,NA
PBM,Achnatherum lettermanii,Achnatherum lettermanii,2016,2016-07-23T00:00:00Z,4,0,NA
PBM,Achnatherum lettermanii,Achnatherum lettermanii,2016,2016-07-23T00:00:00Z,5,5,NA
PBM,Androsace septentrionalis,Androsace septentrionalis,2016,2016-07-23T00:00:00Z,1,0,NA
PBM,Androsace septentrionalis,Androsace septentrionalis,2016,2016-07-23T00:00:00Z,2,0,NA
PBM,Androsace septentrionalis,Androsace septentrionalis,2016,2016-07-23T00:00:00Z,3,0,NA
PBM,Androsace septentrionalis,Androsace septentrionalis,2016,2016-07-23T00:00:00Z,4,32,NA
PBM,Androsace septentrionalis,Androsace septentrionalis,2016,2016-07-23T00:00:00Z,5,11,NA
PBM,Boechera stricta,Boechera stricta,2016,2016-07-23T00:00:00Z,1,0,NA
PBM,Boechera stricta,Boechera stricta,2016,2016-07-23T00:00:00Z,2,0,NA
PBM,Boechera stricta,Boechera stricta,2016,2016-07-23T00:00:00Z,3,0,NA
PBM,Boechera stricta,Boechera stricta,2016,2016-07-23T00:00:00Z,4,2,NA
PBM,Boechera stricta,Boechera stricta,2016,2016-07-23T00:00:00Z,5,0,NA
PBM,Bromus carinatus,Ceratochloa carinata,2016,2016-07-23T00:00:00Z,1,7,NA
PBM,Bromus carinatus,Ceratochloa carinata,2016,2016-07-23T00:00:00Z,2,2,NA
PBM,Bromus carinatus,Ceratochloa carinata,2016,2016-07-23T00:00:00Z,3,0,NA
PBM,Bromus carinatus,Ceratochloa carinata,2016,2016-07-23T00:00:00Z,4,16,NA
PBM,Bromus carinatus,Ceratochloa carinata,2016,2016-07-23T00:00:00Z,5,0,NA
PBM,Carex sp.,Carex sp.,2016,2016-07-23T00:00:00Z,1,0,NA
PBM,Carex sp.,Carex sp.,2016,2016-07-23T00:00:00Z,2,0,NA
PBM,Carex sp.,Carex sp.,2016,2016-07-23T00:00:00Z,3,1,NA
PBM,Carex sp.,Carex sp.,2016,2016-07-23T00:00:00Z,4,0,NA
PBM,Carex sp.,Carex sp.,2016,2016-07-23T00:00:00Z,5,0,NA
PBM,Chamerion angustifolium,Chamerion angustifolium,2016,2016-07-23T00:00:00Z,1,12,NA
PBM,Chamerion angustifolium,Chamerion angustifolium,2016,2016-07-23T00:00:00Z,2,0,NA
PBM,Chamerion angustifolium,Chamerion angustifolium,2016,2016-07-23T00:00:00Z,3,0,NA
PBM,Chamerion angustifolium,Chamerion angustifolium,2016,2016-07-23T00:00:00Z,4,0,NA
PBM,Chamerion angustifolium,Chamerion angustifolium,2016,2016-07-23T00:00:00Z,5,0,NA
PBM,Corydalis caseana,Corydalis caseana,2016,2016-07-23T00:00:00Z,1,0,NA
PBM,Corydalis caseana,Corydalis caseana,2016,2016-07-23T00:00:00Z,2,0,NA
PBM,Corydalis caseana,Corydalis caseana,2016,2016-07-23T00:00:00Z,3,1,NA
PBM,Corydalis caseana,Corydalis caseana,2016,2016-07-23T00:00:00Z,4,0,NA
PBM,Corydalis caseana,Corydalis caseana,2016,2016-07-23T00:00:00Z,5,0,NA
PBM,Draba poluniniana,Thlaspi montanum,2016,2016-07-23T00:00:00Z,1,0,NA
PBM,Draba poluniniana,Thlaspi montanum,2016,2016-07-23T00:00:00Z,2,18,NA
PBM,Draba poluniniana,Thlaspi montanum,2016,2016-07-23T00:00:00Z,3,0,NA
PBM,Draba poluniniana,Thlaspi montanum,2016,2016-07-23T00:00:00Z,4,0,NA
PBM,Draba poluniniana,Thlaspi montanum,2016,2016-07-23T00:00:00Z,5,0,NA
PBM,Elymus bakeri,Elymus bakeri,2016,2015-07-23T00:00:00Z,1,1,"Not yet keyed, Was originally mistaken for grass 1"
PBM,Elymus bakeri,Elymus bakeri,2016,2015-07-23T00:00:00Z,2,0,"Not yet keyed, Was originally mistaken for grass 1"
PBM,Elymus bakeri,Elymus bakeri,2016,2015-07-23T00:00:00Z,3,13,"Not yet keyed, Was originally mistaken for grass 1"
PBM,Elymus bakeri,Elymus bakeri,2016,2015-07-23T00:00:00Z,4,0,"Not yet keyed, Was originally mistaken for grass 1"
PBM,Elymus bakeri,Elymus bakeri,2016,2015-07-23T00:00:00Z,5,0,"Not yet keyed, Was originally mistaken for grass 1"
PBM,Erigeron subtrinervis,Erigeron subtrinervis,2016,2016-07-23T00:00:00Z,1,3,NA
PBM,Erigeron subtrinervis,Erigeron subtrinervis,2016,2016-07-23T00:00:00Z,2,0,NA
PBM,Erigeron subtrinervis,Erigeron subtrinervis,2016,2016-07-23T00:00:00Z,3,0,NA
PBM,Erigeron subtrinervis,Erigeron subtrinervis,2016,2016-07-23T00:00:00Z,4,0,NA
PBM,Erigeron subtrinervis,Erigeron subtrinervis,2016,2016-07-23T00:00:00Z,5,0,NA
PBM,Eriogonum umbellatum,Eriogonum umbellatum,2016,2016-07-23T00:00:00Z,1,0,NA
PBM,Eriogonum umbellatum,Eriogonum umbellatum,2016,2016-07-23T00:00:00Z,2,0,NA
PBM,Eriogonum umbellatum,Eriogonum umbellatum,2016,2016-07-23T00:00:00Z,3,0,NA
PBM,Eriogonum umbellatum,Eriogonum umbellatum,2016,2016-07-23T00:00:00Z,4,1,NA
PBM,Eriogonum umbellatum,Eriogonum umbellatum,2016,2016-07-23T00:00:00Z,5,7,NA
PBM,Erythronium grandiflorum,Erythronium gradiflorum,2016,2016-07-23T00:00:00Z,1,0,NA
PBM,Erythronium grandiflorum,Erythronium gradiflorum,2016,2016-07-23T00:00:00Z,2,4,NA
PBM,Erythronium grandiflorum,Erythronium gradiflorum,2016,2016-07-23T00:00:00Z,3,0,NA
PBM,Erythronium grandiflorum,Erythronium gradiflorum,2016,2016-07-23T00:00:00Z,4,2,NA
PBM,Erythronium grandiflorum,Erythronium gradiflorum,2016,2016-07-23T00:00:00Z,5,3,NA
PBM,Forb 11 (Corydalis seedling?),Forb 11 (Corydalis seedling?),2016,2016-07-23T00:00:00Z,1,0,NA
PBM,Forb 11 (Corydalis seedling?),Forb 11 (Corydalis seedling?),2016,2016-07-23T00:00:00Z,2,14,NA
PBM,Forb 11 (Corydalis seedling?),Forb 11 (Corydalis seedling?),2016,2016-07-23T00:00:00Z,3,0,NA
PBM,Forb 11 (Corydalis seedling?),Forb 11 (Corydalis seedling?),2016,2016-07-23T00:00:00Z,4,0,NA
PBM,Forb 11 (Corydalis seedling?),Forb 11 (Corydalis seedling?),2016,2016-07-23T00:00:00Z,5,0,NA
PBM,Forb 5 (hairy basal leaves),Forb 5 (hairy basal leaves),2016,2016-07-23T00:00:00Z,1,0,NA
PBM,Forb 5 (hairy basal leaves),Forb 5 (hairy basal leaves),2016,2016-07-23T00:00:00Z,2,0,NA
PBM,Forb 5 (hairy basal leaves),Forb 5 (hairy basal leaves),2016,2016-07-23T00:00:00Z,3,0,NA
PBM,Forb 5 (hairy basal leaves),Forb 5 (hairy basal leaves),2016,2016-07-23T00:00:00Z,4,1,NA
PBM,Forb 5 (hairy basal leaves),Forb 5 (hairy basal leaves),2016,2016-07-23T00:00:00Z,5,0,NA
PBM,"Forb 6 (coarse, slightly serrate)","Forb 6 (coarse, slightly serrate)",2016,2016-07-23T00:00:00Z,1,0,NA
PBM,"Forb 6 (coarse, slightly serrate)","Forb 6 (coarse, slightly serrate)",2016,2016-07-23T00:00:00Z,2,6,NA
PBM,"Forb 6 (coarse, slightly serrate)","Forb 6 (coarse, slightly serrate)",2016,2016-07-23T00:00:00Z,3,0,NA
PBM,"Forb 6 (coarse, slightly serrate)","Forb 6 (coarse, slightly serrate)",2016,2016-07-23T00:00:00Z,4,0,NA
PBM,"Forb 6 (coarse, slightly serrate)","Forb 6 (coarse, slightly serrate)",2016,2016-07-23T00:00:00Z,5,0,NA
PBM,Forb 7,Forb 7,2016,2016-07-23T00:00:00Z,1,0,NA
PBM,Forb 7,Forb 7,2016,2016-07-23T00:00:00Z,2,1,NA
PBM,Forb 7,Forb 7,2016,2016-07-23T00:00:00Z,3,0,NA
PBM,Forb 7,Forb 7,2016,2016-07-23T00:00:00Z,4,0,NA
PBM,Forb 7,Forb 7,2016,2016-07-23T00:00:00Z,5,0,NA
PBM,"Forb 9 (large, perennial mustard)","Forb 9 (large, perennial mustard)",2016,2016-07-23T00:00:00Z,1,0,NA
PBM,"Forb 9 (large, perennial mustard)","Forb 9 (large, perennial mustard)",2016,2016-07-23T00:00:00Z,2,2,NA
PBM,"Forb 9 (large, perennial mustard)","Forb 9 (large, perennial mustard)",2016,2016-07-23T00:00:00Z,3,1,NA
PBM,"Forb 9 (large, perennial mustard)","Forb 9 (large, perennial mustard)",2016,2016-07-23T00:00:00Z,4,0,NA
PBM,"Forb 9 (large, perennial mustard)","Forb 9 (large, perennial mustard)",2016,2016-07-23T00:00:00Z,5,0,NA
PBM,Fragaria virginiana,Fragaria virginiana,2016,2016-07-23T00:00:00Z,1,6,NA
PBM,Fragaria virginiana,Fragaria virginiana,2016,2016-07-23T00:00:00Z,2,1,NA
PBM,Fragaria virginiana,Fragaria virginiana,2016,2016-07-23T00:00:00Z,3,5,NA
PBM,Fragaria virginiana,Fragaria virginiana,2016,2016-07-23T00:00:00Z,4,10,NA
PBM,Fragaria virginiana,Fragaria virginiana,2016,2016-07-23T00:00:00Z,5,0,NA
PBM,Frasera speciosa,Frasera speciosa,2016,2016-07-23T00:00:00Z,1,0,NA
PBM,Frasera speciosa,Frasera speciosa,2016,2016-07-23T00:00:00Z,2,0,NA
PBM,Frasera speciosa,Frasera speciosa,2016,2016-07-23T00:00:00Z,3,0,NA
PBM,Frasera speciosa,Frasera speciosa,2016,2016-07-23T00:00:00Z,4,0,NA
PBM,Frasera speciosa,Frasera speciosa,2016,2016-07-23T00:00:00Z,5,1,NA
PBM,Gentiana parryi,Gentiana parryi,2016,2016-07-23T00:00:00Z,1,0,NA
PBM,Gentiana parryi,Gentiana parryi,2016,2016-07-23T00:00:00Z,2,0,NA
PBM,Gentiana parryi,Gentiana parryi,2016,2016-07-23T00:00:00Z,3,0,NA
PBM,Gentiana parryi,Gentiana parryi,2016,2016-07-23T00:00:00Z,4,1,NA
PBM,Gentiana parryi,Gentiana parryi,2016,2016-07-23T00:00:00Z,5,2,NA
PBM,Geranium richardsonii,Geranium richardsonii,2016,2016-07-23T00:00:00Z,1,8,NA
PBM,Geranium richardsonii,Geranium richardsonii,2016,2016-07-23T00:00:00Z,2,6,NA
PBM,Geranium richardsonii,Geranium richardsonii,2016,2016-07-23T00:00:00Z,3,0,NA
PBM,Geranium richardsonii,Geranium richardsonii,2016,2016-07-23T00:00:00Z,4,0,NA
PBM,Geranium richardsonii,Geranium richardsonii,2016,2016-07-23T00:00:00Z,5,0,NA
PBM,Heterotheca pumila,Heterotheca pumila,2016,2016-07-23T00:00:00Z,1,0,NA
PBM,Heterotheca pumila,Heterotheca pumila,2016,2016-07-23T00:00:00Z,2,0,NA
PBM,Heterotheca pumila,Heterotheca pumila,2016,2016-07-23T00:00:00Z,3,0,NA
PBM,Heterotheca pumila,Heterotheca pumila,2016,2016-07-23T00:00:00Z,4,4,NA
PBM,Heterotheca pumila,Heterotheca pumila,2016,2016-07-23T00:00:00Z,5,3,NA
PBM,Hydrophyllum capitatum,Hydrophyllum capitatum,2016,2016-07-23T00:00:00Z,1,0,NA
PBM,Hydrophyllum capitatum,Hydrophyllum capitatum,2016,2016-07-23T00:00:00Z,2,0,NA
PBM,Hydrophyllum capitatum,Hydrophyllum capitatum,2016,2016-07-23T00:00:00Z,3,0,NA
PBM,Hydrophyllum capitatum,Hydrophyllum capitatum,2016,2016-07-23T00:00:00Z,4,2,NA
PBM,Hydrophyllum capitatum,Hydrophyllum capitatum,2016,2016-07-23T00:00:00Z,5,0,NA
PBM,Hymenoxys hoopesii,Hymenoxys hoopesii,2016,2016-07-23T00:00:00Z,1,16,NA
PBM,Hymenoxys hoopesii,Hymenoxys hoopesii,2016,2016-07-23T00:00:00Z,2,2,NA
PBM,Hymenoxys hoopesii,Hymenoxys hoopesii,2016,2016-07-23T00:00:00Z,3,0,NA
PBM,Hymenoxys hoopesii,Hymenoxys hoopesii,2016,2016-07-23T00:00:00Z,4,28,NA
PBM,Hymenoxys hoopesii,Hymenoxys hoopesii,2016,2016-07-23T00:00:00Z,5,6,NA
PBM,Ligusticum porteri,Ligusticum porteri,2016,2016-07-23T00:00:00Z,1,0,NA
PBM,Ligusticum porteri,Ligusticum porteri,2016,2016-07-23T00:00:00Z,2,0,NA
PBM,Ligusticum porteri,Ligusticum porteri,2016,2016-07-23T00:00:00Z,3,0,NA
PBM,Ligusticum porteri,Ligusticum porteri,2016,2016-07-23T00:00:00Z,4,0,NA
PBM,Ligusticum porteri,Ligusticum porteri,2016,2016-07-23T00:00:00Z,5,2,NA
PBM,Mertensia ciliata,Mertensia ciliata,2016,2016-07-23T00:00:00Z,1,0,NA
PBM,Mertensia ciliata,Mertensia ciliata,2016,2016-07-23T00:00:00Z,2,0,NA
PBM,Mertensia ciliata,Mertensia ciliata,2016,2016-07-23T00:00:00Z,3,0,NA
PBM,Mertensia ciliata,Mertensia ciliata,2016,2016-07-23T00:00:00Z,4,0,NA
PBM,Mertensia ciliata,Mertensia ciliata,2016,2016-07-23T00:00:00Z,5,4,NA
PBM,Mertensia fusiformis,Mertensia fusiformis,2016,2016-07-23T00:00:00Z,1,2,NA
PBM,Mertensia fusiformis,Mertensia fusiformis,2016,2016-07-23T00:00:00Z,2,2,NA
PBM,Mertensia fusiformis,Mertensia fusiformis,2016,2016-07-23T00:00:00Z,3,11,NA
PBM,Mertensia fusiformis,Mertensia fusiformis,2016,2016-07-23T00:00:00Z,4,0,NA
PBM,Mertensia fusiformis,Mertensia fusiformis,2016,2016-07-23T00:00:00Z,5,0,NA
PBM,Osmorhiza occidentalis,Ozmorhiza occidentalis,2016,2016-07-23T00:00:00Z,1,4,NA
PBM,Osmorhiza occidentalis,Ozmorhiza occidentalis,2016,2016-07-23T00:00:00Z,2,0,NA
PBM,Osmorhiza occidentalis,Ozmorhiza occidentalis,2016,2016-07-23T00:00:00Z,3,0,NA
PBM,Osmorhiza occidentalis,Ozmorhiza occidentalis,2016,2016-07-23T00:00:00Z,4,0,NA
PBM,Osmorhiza occidentalis,Ozmorhiza occidentalis,2016,2016-07-23T00:00:00Z,5,0,NA
PBM,Poa pratensis,Poa pratensis,2016,2016-07-23T00:00:00Z,1,0,NA
PBM,Poa pratensis,Poa pratensis,2016,2016-07-23T00:00:00Z,2,0,NA
PBM,Poa pratensis,Poa pratensis,2016,2016-07-23T00:00:00Z,3,0,NA
PBM,Poa pratensis,Poa pratensis,2016,2016-07-23T00:00:00Z,4,11,NA
PBM,Poa pratensis,Poa pratensis,2016,2016-07-23T00:00:00Z,5,2,NA
PBM,Potentilla gracilis,Potentilla gracilis,2016,2016-07-23T00:00:00Z,1,1,NA
PBM,Potentilla gracilis,Potentilla gracilis,2016,2016-07-23T00:00:00Z,2,0,NA
PBM,Potentilla gracilis,Potentilla gracilis,2016,2016-07-23T00:00:00Z,3,2,NA
PBM,Potentilla gracilis,Potentilla gracilis,2016,2016-07-23T00:00:00Z,4,10,NA
PBM,Potentilla gracilis,Potentilla gracilis,2016,2016-07-23T00:00:00Z,5,11,NA
PBM,Ranunculus inamoenus,Ranunculus inamoenus,2016,2016-07-23T00:00:00Z,1,3,NA
PBM,Ranunculus inamoenus,Ranunculus inamoenus,2016,2016-07-23T00:00:00Z,2,1,NA
PBM,Ranunculus inamoenus,Ranunculus inamoenus,2016,2016-07-23T00:00:00Z,3,0,NA
PBM,Ranunculus inamoenus,Ranunculus inamoenus,2016,2016-07-23T00:00:00Z,4,0,NA
PBM,Ranunculus inamoenus,Ranunculus inamoenus,2016,2016-07-23T00:00:00Z,5,2,NA
PBM,Rumex sp.,Rumex sp.,2016,2016-07-23T00:00:00Z,1,0,NA
PBM,Rumex sp.,Rumex sp.,2016,2016-07-23T00:00:00Z,2,4,NA
PBM,Rumex sp.,Rumex sp.,2016,2016-07-23T00:00:00Z,3,0,NA
PBM,Rumex sp.,Rumex sp.,2016,2016-07-23T00:00:00Z,4,0,NA
PBM,Rumex sp.,Rumex sp.,2016,2016-07-23T00:00:00Z,5,0,NA
PBM,Senecio sp.,Senecio sp.,2016,2016-07-23T00:00:00Z,1,1,This species is likely Senecio crassulus
PBM,Senecio sp.,Senecio sp.,2016,2016-07-23T00:00:00Z,2,0,This species is likely Senecio crassulus
PBM,Senecio sp.,Senecio sp.,2016,2016-07-23T00:00:00Z,3,0,This species is likely Senecio crassulus
PBM,Senecio sp.,Senecio sp.,2016,2016-07-23T00:00:00Z,4,3,This species is likely Senecio crassulus
PBM,Senecio sp.,Senecio sp.,2016,2016-07-23T00:00:00Z,5,0,This species is likely Senecio crassulus
PBM,Valeriana occidentalis,Valeriana occidentalis,2016,2016-07-23T00:00:00Z,1,9,NA
PBM,Valeriana occidentalis,Valeriana occidentalis,2016,2016-07-23T00:00:00Z,2,0,NA
PBM,Valeriana occidentalis,Valeriana occidentalis,2016,2016-07-23T00:00:00Z,3,0,NA
PBM,Valeriana occidentalis,Valeriana occidentalis,2016,2016-07-23T00:00:00Z,4,0,NA
PBM,Valeriana occidentalis,Valeriana occidentalis,2016,2016-07-23T00:00:00Z,5,0,NA
PBM,Veratrum californicum,Veratrum californicum,2016,2016-07-23T00:00:00Z,1,19,NA
PBM,Veratrum californicum,Veratrum californicum,2016,2016-07-23T00:00:00Z,2,23,NA
PBM,Veratrum californicum,Veratrum californicum,2016,2016-07-23T00:00:00Z,3,5,NA
PBM,Veratrum californicum,Veratrum californicum,2016,2016-07-23T00:00:00Z,4,0,NA
PBM,Veratrum californicum,Veratrum californicum,2016,2016-07-23T00:00:00Z,5,4,NA
PBM,Viola sp.,Viola sp.,2016,2016-07-23T00:00:00Z,1,1,NA
PBM,Viola sp.,Viola sp.,2016,2016-07-23T00:00:00Z,2,0,NA
PBM,Viola sp.,Viola sp.,2016,2016-07-23T00:00:00Z,3,0,NA
PBM,Viola sp.,Viola sp.,2016,2016-07-23T00:00:00Z,4,10,NA
PBM,Viola sp.,Viola sp.,2016,2016-07-23T00:00:00Z,5,3,NA
Pfeiler,Bromus carinatus,Ceratochloa carinata,2016,2016-07-16T00:00:00Z,1,12,NA
Pfeiler,Bromus carinatus,Ceratochloa carinata,2016,2016-07-16T00:00:00Z,2,3,NA
Pfeiler,Bromus carinatus,Ceratochloa carinata,2016,2016-07-16T00:00:00Z,3,2,NA
Pfeiler,Bromus carinatus,Ceratochloa carinata,2016,2016-07-16T00:00:00Z,4,14,NA
Pfeiler,Bromus carinatus,Ceratochloa carinata,2016,2016-07-16T00:00:00Z,5,7,NA
Pfeiler,Castilleja septentrionalis,Castilleja sulphurea,2016,2016-07-16T00:00:00Z,1,0,NA
Pfeiler,Castilleja septentrionalis,Castilleja sulphurea,2016,2016-07-16T00:00:00Z,2,0,NA
Pfeiler,Castilleja septentrionalis,Castilleja sulphurea,2016,2016-07-16T00:00:00Z,3,0,NA
Pfeiler,Castilleja septentrionalis,Castilleja sulphurea,2016,2016-07-16T00:00:00Z,4,0,NA
Pfeiler,Castilleja septentrionalis,Castilleja sulphurea,2016,2016-07-16T00:00:00Z,5,1,NA
Pfeiler,Delphinium barbeyi,Delphinium barbeyi,2016,2016-07-16T00:00:00Z,1,0,NA
Pfeiler,Delphinium barbeyi,Delphinium barbeyi,2016,2016-07-16T00:00:00Z,2,0,NA
Pfeiler,Delphinium barbeyi,Delphinium barbeyi,2016,2016-07-16T00:00:00Z,3,3,NA
Pfeiler,Delphinium barbeyi,Delphinium barbeyi,2016,2016-07-16T00:00:00Z,4,0,NA
Pfeiler,Delphinium barbeyi,Delphinium barbeyi,2016,2016-07-16T00:00:00Z,5,0,NA
Pfeiler,Erigeron speciosus,Erigeron speciosus,2016,2016-07-16T00:00:00Z,1,5,NA
Pfeiler,Erigeron speciosus,Erigeron speciosus,2016,2016-07-16T00:00:00Z,2,3,NA
Pfeiler,Erigeron speciosus,Erigeron speciosus,2016,2016-07-16T00:00:00Z,3,0,NA
Pfeiler,Erigeron speciosus,Erigeron speciosus,2016,2016-07-16T00:00:00Z,4,4,NA
Pfeiler,Erigeron speciosus,Erigeron speciosus,2016,2016-07-16T00:00:00Z,5,0,NA
Pfeiler,Erythronium grandiflorum,Erythronium gradiflorum,2016,2016-07-16T00:00:00Z,1,1,NA
Pfeiler,Erythronium grandiflorum,Erythronium gradiflorum,2016,2016-07-16T00:00:00Z,2,1,NA
Pfeiler,Erythronium grandiflorum,Erythronium gradiflorum,2016,2016-07-16T00:00:00Z,3,1,NA
Pfeiler,Erythronium grandiflorum,Erythronium gradiflorum,2016,2016-07-16T00:00:00Z,4,1,NA
Pfeiler,Erythronium grandiflorum,Erythronium gradiflorum,2016,2016-07-16T00:00:00Z,5,0,NA
Pfeiler,Festuca idahoensis,Festuca idahoensis,2016,2016-07-16T00:00:00Z,1,0,NA
Pfeiler,Festuca idahoensis,Festuca idahoensis,2016,2016-07-16T00:00:00Z,2,0,NA
Pfeiler,Festuca idahoensis,Festuca idahoensis,2016,2016-07-16T00:00:00Z,3,0,NA
Pfeiler,Festuca idahoensis,Festuca idahoensis,2016,2016-07-16T00:00:00Z,4,0,NA
Pfeiler,Festuca idahoensis,Festuca idahoensis,2016,2016-07-16T00:00:00Z,5,2,NA
Pfeiler,Forb 3 - Unknown (tall aster multi flora),Forb 3 - Unknown (tall aster multi flora),2016,2016-07-16T00:00:00Z,1,0,NA
Pfeiler,Forb 3 - Unknown (tall aster multi flora),Forb 3 - Unknown (tall aster multi flora),2016,2016-07-16T00:00:00Z,2,0,NA
Pfeiler,Forb 3 - Unknown (tall aster multi flora),Forb 3 - Unknown (tall aster multi flora),2016,2016-07-16T00:00:00Z,3,0,NA
Pfeiler,Forb 3 - Unknown (tall aster multi flora),Forb 3 - Unknown (tall aster multi flora),2016,2016-07-16T00:00:00Z,4,0,NA
Pfeiler,Forb 3 - Unknown (tall aster multi flora),Forb 3 - Unknown (tall aster multi flora),2016,2016-07-16T00:00:00Z,5,1,NA
Pfeiler,Forb 5 - Unknown,Forb 5 - Unknown,2016,2016-07-16T00:00:00Z,1,1,NA
Pfeiler,Forb 5 - Unknown,Forb 5 - Unknown,2016,2016-07-16T00:00:00Z,2,0,NA
Pfeiler,Forb 5 - Unknown,Forb 5 - Unknown,2016,2016-07-16T00:00:00Z,3,0,NA
Pfeiler,Forb 5 - Unknown,Forb 5 - Unknown,2016,2016-07-16T00:00:00Z,4,0,NA
Pfeiler,Forb 5 - Unknown,Forb 5 - Unknown,2016,2016-07-16T00:00:00Z,5,0,NA
Pfeiler,Gentiana parryi,Gentiana parryi,2016,2016-07-16T00:00:00Z,1,1,NA
Pfeiler,Gentiana parryi,Gentiana parryi,2016,2016-07-16T00:00:00Z,2,0,NA
Pfeiler,Gentiana parryi,Gentiana parryi,2016,2016-07-16T00:00:00Z,3,0,NA
Pfeiler,Gentiana parryi,Gentiana parryi,2016,2016-07-16T00:00:00Z,4,0,NA
Pfeiler,Gentiana parryi,Gentiana parryi,2016,2016-07-16T00:00:00Z,5,0,NA
Pfeiler,Helianthella quinquenervis,Helianthella quinquenervis,2016,2016-07-16T00:00:00Z,1,8,NA
Pfeiler,Helianthella quinquenervis,Helianthella quinquenervis,2016,2016-07-16T00:00:00Z,2,15,NA
Pfeiler,Helianthella quinquenervis,Helianthella quinquenervis,2016,2016-07-16T00:00:00Z,3,0,NA
Pfeiler,Helianthella quinquenervis,Helianthella quinquenervis,2016,2016-07-16T00:00:00Z,4,7,NA
Pfeiler,Helianthella quinquenervis,Helianthella quinquenervis,2016,2016-07-16T00:00:00Z,5,1,NA
Pfeiler,Heliomeris multiflora,Heliomeris multiflora,2016,2016-07-16T00:00:00Z,1,17,NA
Pfeiler,Heliomeris multiflora,Heliomeris multiflora,2016,2016-07-16T00:00:00Z,2,6,NA
Pfeiler,Heliomeris multiflora,Heliomeris multiflora,2016,2016-07-16T00:00:00Z,3,1,NA
Pfeiler,Heliomeris multiflora,Heliomeris multiflora,2016,2016-07-16T00:00:00Z,4,8,NA
Pfeiler,Heliomeris multiflora,Heliomeris multiflora,2016,2016-07-16T00:00:00Z,5,2,NA
Pfeiler,Heracleum sphondylium,Heracleum sphondylium,2016,2016-07-16T00:00:00Z,1,0,NA
Pfeiler,Heracleum sphondylium,Heracleum sphondylium,2016,2016-07-16T00:00:00Z,2,1,NA
Pfeiler,Heracleum sphondylium,Heracleum sphondylium,2016,2016-07-16T00:00:00Z,3,1,NA
Pfeiler,Heracleum sphondylium,Heracleum sphondylium,2016,2016-07-16T00:00:00Z,4,0,NA
Pfeiler,Heracleum sphondylium,Heracleum sphondylium,2016,2016-07-16T00:00:00Z,5,2,NA
Pfeiler,Hydrophyllum fendleri,Hydrophyllum fendleri,2016,2016-07-16T00:00:00Z,1,0,NA
Pfeiler,Hydrophyllum fendleri,Hydrophyllum fendleri,2016,2016-07-16T00:00:00Z,2,0,NA
Pfeiler,Hydrophyllum fendleri,Hydrophyllum fendleri,2016,2016-07-16T00:00:00Z,3,10,NA
Pfeiler,Hydrophyllum fendleri,Hydrophyllum fendleri,2016,2016-07-16T00:00:00Z,4,0,NA
Pfeiler,Hydrophyllum fendleri,Hydrophyllum fendleri,2016,2016-07-16T00:00:00Z,5,4,NA
Pfeiler,Lathyrus lanszwertii,Lathyrus lanzwertii,2016,2016-07-16T00:00:00Z,1,21,NA
Pfeiler,Lathyrus lanszwertii,Lathyrus lanzwertii,2016,2016-07-16T00:00:00Z,2,18,NA
Pfeiler,Lathyrus lanszwertii,Lathyrus lanzwertii,2016,2016-07-16T00:00:00Z,3,0,NA
Pfeiler,Lathyrus lanszwertii,Lathyrus lanzwertii,2016,2016-07-16T00:00:00Z,4,10,NA
Pfeiler,Lathyrus lanszwertii,Lathyrus lanzwertii,2016,2016-07-16T00:00:00Z,5,0,NA
Pfeiler,Ligusticum porteri,Ligusticum porteri,2016,2016-07-16T00:00:00Z,1,1,NA
Pfeiler,Ligusticum porteri,Ligusticum porteri,2016,2016-07-16T00:00:00Z,2,6,NA
Pfeiler,Ligusticum porteri,Ligusticum porteri,2016,2016-07-16T00:00:00Z,3,0,NA
Pfeiler,Ligusticum porteri,Ligusticum porteri,2016,2016-07-16T00:00:00Z,4,1,NA
Pfeiler,Ligusticum porteri,Ligusticum porteri,2016,2016-07-16T00:00:00Z,5,1,NA
Pfeiler,Melica spectabilis,Bromelica spectabilis,2016,2016-07-16T00:00:00Z,1,5,NA
Pfeiler,Melica spectabilis,Bromelica spectabilis,2016,2016-07-16T00:00:00Z,2,0,NA
Pfeiler,Melica spectabilis,Bromelica spectabilis,2016,2016-07-16T00:00:00Z,3,0,NA
Pfeiler,Melica spectabilis,Bromelica spectabilis,2016,2016-07-16T00:00:00Z,4,11,NA
Pfeiler,Melica spectabilis,Bromelica spectabilis,2016,2016-07-16T00:00:00Z,5,1,NA
Pfeiler,Mertensia ciliata,Mertensia ciliata,2016,2016-07-16T00:00:00Z,1,0,NA
Pfeiler,Mertensia ciliata,Mertensia ciliata,2016,2016-07-16T00:00:00Z,2,0,NA
Pfeiler,Mertensia ciliata,Mertensia ciliata,2016,2016-07-16T00:00:00Z,3,14,NA
Pfeiler,Mertensia ciliata,Mertensia ciliata,2016,2016-07-16T00:00:00Z,4,1,NA
Pfeiler,Mertensia ciliata,Mertensia ciliata,2016,2016-07-16T00:00:00Z,5,0,NA
Pfeiler,Osmorhiza occidentalis,Ozmorhiza occidentalis,2016,2016-07-16T00:00:00Z,1,0,NA
Pfeiler,Osmorhiza occidentalis,Ozmorhiza occidentalis,2016,2016-07-16T00:00:00Z,2,2,NA
Pfeiler,Osmorhiza occidentalis,Ozmorhiza occidentalis,2016,2016-07-16T00:00:00Z,3,0,NA
Pfeiler,Osmorhiza occidentalis,Ozmorhiza occidentalis,2016,2016-07-16T00:00:00Z,4,0,NA
Pfeiler,Osmorhiza occidentalis,Ozmorhiza occidentalis,2016,2016-07-16T00:00:00Z,5,0,NA
Pfeiler,Poa glauca,Poa glauca,2016,2016-07-16T00:00:00Z,1,10,NA
Pfeiler,Poa glauca,Poa glauca,2016,2016-07-16T00:00:00Z,2,4,NA
Pfeiler,Poa glauca,Poa glauca,2016,2016-07-16T00:00:00Z,3,0,NA
Pfeiler,Poa glauca,Poa glauca,2016,2016-07-16T00:00:00Z,4,8,NA
Pfeiler,Poa glauca,Poa glauca,2016,2016-07-16T00:00:00Z,5,0,NA
Pfeiler,Potentilla gracilis,Potentilla gracilis,2016,2016-07-16T00:00:00Z,1,1,NA
Pfeiler,Potentilla gracilis,Potentilla gracilis,2016,2016-07-16T00:00:00Z,2,3,NA
Pfeiler,Potentilla gracilis,Potentilla gracilis,2016,2016-07-16T00:00:00Z,3,0,NA
Pfeiler,Potentilla gracilis,Potentilla gracilis,2016,2016-07-16T00:00:00Z,4,3,NA
Pfeiler,Potentilla gracilis,Potentilla gracilis,2016,2016-07-16T00:00:00Z,5,0,NA
Pfeiler,Ribes montigenum,Ribes montigenum,2016,2016-07-16T00:00:00Z,1,0,NA
Pfeiler,Ribes montigenum,Ribes montigenum,2016,2016-07-16T00:00:00Z,2,0,NA
Pfeiler,Ribes montigenum,Ribes montigenum,2016,2016-07-16T00:00:00Z,3,0,NA
Pfeiler,Ribes montigenum,Ribes montigenum,2016,2016-07-16T00:00:00Z,4,0,NA
Pfeiler,Ribes montigenum,Ribes montigenum,2016,2016-07-16T00:00:00Z,5,1,NA
Pfeiler,Senecio crassulus,Senecio crassulus,2016,2016-07-16T00:00:00Z,1,3,NA
Pfeiler,Senecio crassulus,Senecio crassulus,2016,2016-07-16T00:00:00Z,2,1,NA
Pfeiler,Senecio crassulus,Senecio crassulus,2016,2016-07-16T00:00:00Z,3,0,NA
Pfeiler,Senecio crassulus,Senecio crassulus,2016,2016-07-16T00:00:00Z,4,1,NA
Pfeiler,Senecio crassulus,Senecio crassulus,2016,2016-07-16T00:00:00Z,5,0,NA
Pfeiler,Senecio serra,Senecio serra,2016,2016-07-16T00:00:00Z,1,0,NA
Pfeiler,Senecio serra,Senecio serra,2016,2016-07-16T00:00:00Z,2,3,NA
Pfeiler,Senecio serra,Senecio serra,2016,2016-07-16T00:00:00Z,3,21,NA
Pfeiler,Senecio serra,Senecio serra,2016,2016-07-16T00:00:00Z,4,4,NA
Pfeiler,Senecio serra,Senecio serra,2016,2016-07-16T00:00:00Z,5,0,NA
Pfeiler,Thalictrum fendleri,Thalictrum fendleri,2016,2016-07-16T00:00:00Z,1,0,NA
Pfeiler,Thalictrum fendleri,Thalictrum fendleri,2016,2016-07-16T00:00:00Z,2,0,NA
Pfeiler,Thalictrum fendleri,Thalictrum fendleri,2016,2016-07-16T00:00:00Z,3,1,NA
Pfeiler,Thalictrum fendleri,Thalictrum fendleri,2016,2016-07-16T00:00:00Z,4,8,NA
Pfeiler,Thalictrum fendleri,Thalictrum fendleri,2016,2016-07-16T00:00:00Z,5,11,NA
Pfeiler,Veratrum californicum,Veratrum californicum,2016,2016-07-16T00:00:00Z,1,3,NA
Pfeiler,Veratrum californicum,Veratrum californicum,2016,2016-07-16T00:00:00Z,2,18,NA
Pfeiler,Veratrum californicum,Veratrum californicum,2016,2016-07-16T00:00:00Z,3,31,NA
Pfeiler,Veratrum californicum,Veratrum californicum,2016,2016-07-16T00:00:00Z,4,0,NA
Pfeiler,Veratrum californicum,Veratrum californicum,2016,2016-07-16T00:00:00Z,5,0,NA
Pfeiler,Vicia americana,Vicia americana,2016,2016-07-16T00:00:00Z,1,0,NA
Pfeiler,Vicia americana,Vicia americana,2016,2016-07-16T00:00:00Z,2,0,NA
Pfeiler,Vicia americana,Vicia americana,2016,2016-07-16T00:00:00Z,3,0,NA
Pfeiler,Vicia americana,Vicia americana,2016,2016-07-16T00:00:00Z,4,0,NA
Pfeiler,Vicia americana,Vicia americana,2016,2016-07-16T00:00:00Z,5,13,NA
Pfeiler,Viola praemorsa,Viola praemorsa,2016,2016-07-16T00:00:00Z,1,15,NA
Pfeiler,Viola praemorsa,Viola praemorsa,2016,2016-07-16T00:00:00Z,2,0,NA
Pfeiler,Viola praemorsa,Viola praemorsa,2016,2016-07-16T00:00:00Z,3,0,NA
Pfeiler,Viola praemorsa,Viola praemorsa,2016,2016-07-16T00:00:00Z,4,10,NA
Pfeiler,Viola praemorsa,Viola praemorsa,2016,2016-07-16T00:00:00Z,5,6,NA
Road,Achillea millefolium,Achillea millefolium,2016,2016-07-03T00:00:00Z,1,0,NA
Road,Achillea millefolium,Achillea millefolium,2016,2016-07-03T00:00:00Z,2,0,NA
Road,Achillea millefolium,Achillea millefolium,2016,2016-07-03T00:00:00Z,3,8,NA
Road,Achillea millefolium,Achillea millefolium,2016,2016-07-03T00:00:00Z,4,59,NA
Road,Achillea millefolium,Achillea millefolium,2016,2016-07-03T00:00:00Z,5,13,NA
Road,AF01 - Unknown,AF01 - Unknown,2016,2016-07-03T00:00:00Z,1,1,"Couldn't ID, will stay AF01"
Road,AF01 - Unknown,AF01 - Unknown,2016,2016-07-03T00:00:00Z,2,6,"Couldn't ID, will stay AF01"
Road,AF01 - Unknown,AF01 - Unknown,2016,2016-07-03T00:00:00Z,3,0,"Couldn't ID, will stay AF01"
Road,AF01 - Unknown,AF01 - Unknown,2016,2016-07-03T00:00:00Z,4,15,"Couldn't ID, will stay AF01"
Road,AF01 - Unknown,AF01 - Unknown,2016,2016-07-03T00:00:00Z,5,0,"Couldn't ID, will stay AF01"
Road,AF03 - Unknown,AF03 - Unknown,2016,2016-07-03T00:00:00Z,1,0,Couldn't ID
Road,AF03 - Unknown,AF03 - Unknown,2016,2016-07-03T00:00:00Z,2,0,Couldn't ID
Road,AF03 - Unknown,AF03 - Unknown,2016,2016-07-03T00:00:00Z,3,0,Couldn't ID
Road,AF03 - Unknown,AF03 - Unknown,2016,2016-07-03T00:00:00Z,4,0,Couldn't ID
Road,AF03 - Unknown,AF03 - Unknown,2016,2016-07-03T00:00:00Z,5,5,Couldn't ID
Road,AF04 - Unknown,AF04 - Unknown,2016,2016-07-03T00:00:00Z,1,0,"Couldn't ID, Same looking as of 7-13"
Road,AF04 - Unknown,AF04 - Unknown,2016,2016-07-03T00:00:00Z,2,0,"Couldn't ID, Same looking as of 7-13"
Road,AF04 - Unknown,AF04 - Unknown,2016,2016-07-03T00:00:00Z,3,0,"Couldn't ID, Same looking as of 7-13"
Road,AF04 - Unknown,AF04 - Unknown,2016,2016-07-03T00:00:00Z,4,0,"Couldn't ID, Same looking as of 7-13"
Road,AF04 - Unknown,AF04 - Unknown,2016,2016-07-03T00:00:00Z,5,1,"Couldn't ID, Same looking as of 7-13"
Road,AF05- Unknown,AF05- Unknown,2016,2016-07-03T00:00:00Z,1,0,Couldn't ID May have died off 7-13
Road,AF05- Unknown,AF05- Unknown,2016,2016-07-03T00:00:00Z,2,0,Couldn't ID May have died off 7-13
Road,AF05- Unknown,AF05- Unknown,2016,2016-07-03T00:00:00Z,3,0,Couldn't ID May have died off 7-13
Road,AF05- Unknown,AF05- Unknown,2016,2016-07-03T00:00:00Z,4,0,Couldn't ID May have died off 7-13
Road,AF05- Unknown,AF05- Unknown,2016,2016-07-03T00:00:00Z,5,1,Couldn't ID May have died off 7-13
Road,AF07 - Unknown,AF07 - Unknown,2016,2016-07-03T00:00:00Z,1,0,"Couldn't ID, Same looking 7-13"
Road,AF07 - Unknown,AF07 - Unknown,2016,2016-07-03T00:00:00Z,2,0,"Couldn't ID, Same looking 7-13"
Road,AF07 - Unknown,AF07 - Unknown,2016,2016-07-03T00:00:00Z,3,0,"Couldn't ID, Same looking 7-13"
Road,AF07 - Unknown,AF07 - Unknown,2016,2016-07-03T00:00:00Z,4,0,"Couldn't ID, Same looking 7-13"
Road,AF07 - Unknown,AF07 - Unknown,2016,2016-07-03T00:00:00Z,5,3,"Couldn't ID, Same looking 7-13"
Road,AF08 - Unknown,AF08 - Unknown,2016,2016-07-03T00:00:00Z,1,0,Couldn't ID
Road,AF08 - Unknown,AF08 - Unknown,2016,2016-07-03T00:00:00Z,2,2,Couldn't ID
Road,AF08 - Unknown,AF08 - Unknown,2016,2016-07-03T00:00:00Z,3,0,Couldn't ID
Road,AF08 - Unknown,AF08 - Unknown,2016,2016-07-03T00:00:00Z,4,0,Couldn't ID
Road,AF08 - Unknown,AF08 - Unknown,2016,2016-07-03T00:00:00Z,5,0,Couldn't ID
Road,Androsace septentrionalis,Androsace septentrionalis,2016,2016-07-03T00:00:00Z,1,20,NA
Road,Androsace septentrionalis,Androsace septentrionalis,2016,2016-07-03T00:00:00Z,2,7,NA
Road,Androsace septentrionalis,Androsace septentrionalis,2016,2016-07-03T00:00:00Z,3,2,NA
Road,Androsace septentrionalis,Androsace septentrionalis,2016,2016-07-03T00:00:00Z,4,0,NA
Road,Androsace septentrionalis,Androsace septentrionalis,2016,2016-07-03T00:00:00Z,5,0,NA
Road,Artemisia tridentata,Artemisia tridentata,2016,2016-07-03T00:00:00Z,1,2,NA
Road,Artemisia tridentata,Artemisia tridentata,2016,2016-07-03T00:00:00Z,2,0,NA
Road,Artemisia tridentata,Artemisia tridentata,2016,2016-07-03T00:00:00Z,3,3,NA
Road,Artemisia tridentata,Artemisia tridentata,2016,2016-07-03T00:00:00Z,4,0,NA
Road,Artemisia tridentata,Artemisia tridentata,2016,2016-07-03T00:00:00Z,5,0,NA
Road,Bromus carinatus,Ceratochloa carinata,2016,2016-07-03T00:00:00Z,1,1,NA
Road,Bromus carinatus,Ceratochloa carinata,2016,2016-07-03T00:00:00Z,2,20,NA
Road,Bromus carinatus,Ceratochloa carinata,2016,2016-07-03T00:00:00Z,3,25,NA
Road,Bromus carinatus,Ceratochloa carinata,2016,2016-07-03T00:00:00Z,4,0,NA
Road,Bromus carinatus,Ceratochloa carinata,2016,2016-07-03T00:00:00Z,5,22,NA
Road,Campanula rotundifolia,Campanula rotundifolia,2016,2016-07-03T00:00:00Z,1,7,Formerly Primrose2
Road,Campanula rotundifolia,Campanula rotundifolia,2016,2016-07-03T00:00:00Z,2,2,Formerly Primrose2
Road,Campanula rotundifolia,Campanula rotundifolia,2016,2016-07-03T00:00:00Z,3,0,Formerly Primrose2
Road,Campanula rotundifolia,Campanula rotundifolia,2016,2016-07-03T00:00:00Z,4,0,Formerly Primrose2
Road,Campanula rotundifolia,Campanula rotundifolia,2016,2016-07-03T00:00:00Z,5,0,Formerly Primrose2
Road,Carex egglestonii,Carex egglestonii,2016,2016-07-03T00:00:00Z,1,0,NA
Road,Carex egglestonii,Carex egglestonii,2016,2016-07-03T00:00:00Z,2,0,NA
Road,Carex egglestonii,Carex egglestonii,2016,2016-07-03T00:00:00Z,3,0,NA
Road,Carex egglestonii,Carex egglestonii,2016,2016-07-03T00:00:00Z,4,0,NA
Road,Carex egglestonii,Carex egglestonii,2016,2016-07-03T00:00:00Z,5,15,NA
Road,Carex siccata,Carex siccata,2016,2016-07-03T00:00:00Z,1,90,Carex siccata? Don't know.
Road,Carex siccata,Carex siccata,2016,2016-07-03T00:00:00Z,2,0,Carex siccata? Don't know.
Road,Carex siccata,Carex siccata,2016,2016-07-03T00:00:00Z,3,0,Carex siccata? Don't know.
Road,Carex siccata,Carex siccata,2016,2016-07-03T00:00:00Z,4,0,Carex siccata? Don't know.
Road,Carex siccata,Carex siccata,2016,2016-07-03T00:00:00Z,5,0,Carex siccata? Don't know.
Road,Chrysothamnus parryi,Chrysothamnus parryi,2016,2016-07-03T00:00:00Z,1,17,NA
Road,Chrysothamnus parryi,Chrysothamnus parryi,2016,2016-07-03T00:00:00Z,2,8,NA
Road,Chrysothamnus parryi,Chrysothamnus parryi,2016,2016-07-03T00:00:00Z,3,1,NA
Road,Chrysothamnus parryi,Chrysothamnus parryi,2016,2016-07-03T00:00:00Z,4,0,NA
Road,Chrysothamnus parryi,Chrysothamnus parryi,2016,2016-07-03T00:00:00Z,5,0,NA
Road,Cirsium sp.,Cirsium sp.,2016,2016-07-03T00:00:00Z,1,0,NA
Road,Cirsium sp.,Cirsium sp.,2016,2016-07-03T00:00:00Z,2,0,NA
Road,Cirsium sp.,Cirsium sp.,2016,2016-07-03T00:00:00Z,3,3,NA
Road,Cirsium sp.,Cirsium sp.,2016,2016-07-03T00:00:00Z,4,35,NA
Road,Cirsium sp.,Cirsium sp.,2016,2016-07-03T00:00:00Z,5,44,NA
Road,Collomia linearis,Collomia linearis,2016,2016-07-03T00:00:00Z,1,22,"On 7-13 , in plot 3, I saw 2 other small forbs that may have been counted as Collomia or are new growth. Only 1 of the white and 4 of the pink total with flowers.  I photographed them both."
Road,Collomia linearis,Collomia linearis,2016,2016-07-03T00:00:00Z,2,174,"On 7-13 , in plot 3, I saw 2 other small forbs that may have been counted as Collomia or are new growth. Only 1 of the white and 4 of the pink total with flowers.  I photographed them both."
Road,Collomia linearis,Collomia linearis,2016,2016-07-03T00:00:00Z,3,146,"On 7-13 , in plot 3, I saw 2 other small forbs that may have been counted as Collomia or are new growth. Only 1 of the white and 4 of the pink total with flowers.  I photographed them both."
Road,Collomia linearis,Collomia linearis,2016,2016-07-03T00:00:00Z,4,0,"On 7-13 , in plot 3, I saw 2 other small forbs that may have been counted as Collomia or are new growth. Only 1 of the white and 4 of the pink total with flowers.  I photographed them both."
Road,Collomia linearis,Collomia linearis,2016,2016-07-03T00:00:00Z,5,0,"On 7-13 , in plot 3, I saw 2 other small forbs that may have been counted as Collomia or are new growth. Only 1 of the white and 4 of the pink total with flowers.  I photographed them both."
Road,Deschampsia cespitosa,Deschampsia cespitosa,2016,2016-07-03T00:00:00Z,1,13,NA
Road,Deschampsia cespitosa,Deschampsia cespitosa,2016,2016-07-03T00:00:00Z,2,2,NA
Road,Deschampsia cespitosa,Deschampsia cespitosa,2016,2016-07-03T00:00:00Z,3,0,NA
Road,Deschampsia cespitosa,Deschampsia cespitosa,2016,2016-07-03T00:00:00Z,4,0,NA
Road,Deschampsia cespitosa,Deschampsia cespitosa,2016,2016-07-03T00:00:00Z,5,0,NA
Road,Epilobium ciliatum,Epilobium ciliatum,2016,2016-07-03T00:00:00Z,1,0,NA
Road,Epilobium ciliatum,Epilobium ciliatum,2016,2016-07-03T00:00:00Z,2,0,NA
Road,Epilobium ciliatum,Epilobium ciliatum,2016,2016-07-03T00:00:00Z,3,0,NA
Road,Epilobium ciliatum,Epilobium ciliatum,2016,2016-07-03T00:00:00Z,4,0,NA
Road,Epilobium ciliatum,Epilobium ciliatum,2016,2016-07-03T00:00:00Z,5,22,NA
Road,Erigeron coulteri,Erigeron coulteri,2016,2016-07-03T00:00:00Z,1,0,NA
Road,Erigeron coulteri,Erigeron coulteri,2016,2016-07-03T00:00:00Z,2,0,NA
Road,Erigeron coulteri,Erigeron coulteri,2016,2016-07-03T00:00:00Z,3,0,NA
Road,Erigeron coulteri,Erigeron coulteri,2016,2016-07-03T00:00:00Z,4,0,NA
Road,Erigeron coulteri,Erigeron coulteri,2016,2016-07-03T00:00:00Z,5,10,NA
Road,Erigeron speciosus,Erigeron speciosus,2016,2016-07-03T00:00:00Z,1,13,"Formerly ERIG4, ERIG3"
Road,Erigeron speciosus,Erigeron speciosus,2016,2016-07-03T00:00:00Z,2,0,"Formerly ERIG4, ERIG3"
Road,Erigeron speciosus,Erigeron speciosus,2016,2016-07-03T00:00:00Z,3,1,"Formerly ERIG4, ERIG3"
Road,Erigeron speciosus,Erigeron speciosus,2016,2016-07-03T00:00:00Z,4,0,"Formerly ERIG4, ERIG3"
Road,Erigeron speciosus,Erigeron speciosus,2016,2016-07-03T00:00:00Z,5,0,"Formerly ERIG4, ERIG3"
Road,Eriogonum umbellatum,Eriogonum umbellatum,2016,2016-07-03T00:00:00Z,1,10,NA
Road,Eriogonum umbellatum,Eriogonum umbellatum,2016,2016-07-03T00:00:00Z,2,0,NA
Road,Eriogonum umbellatum,Eriogonum umbellatum,2016,2016-07-03T00:00:00Z,3,0,NA
Road,Eriogonum umbellatum,Eriogonum umbellatum,2016,2016-07-03T00:00:00Z,4,0,NA
Road,Eriogonum umbellatum,Eriogonum umbellatum,2016,2016-07-03T00:00:00Z,5,0,NA
Road,Geranium viscosissimum,Geranium viscosissimum,2016,2016-07-03T00:00:00Z,1,2,NA
Road,Geranium viscosissimum,Geranium viscosissimum,2016,2016-07-03T00:00:00Z,2,1,NA
Road,Geranium viscosissimum,Geranium viscosissimum,2016,2016-07-03T00:00:00Z,3,0,NA
Road,Geranium viscosissimum,Geranium viscosissimum,2016,2016-07-03T00:00:00Z,4,0,NA
Road,Geranium viscosissimum,Geranium viscosissimum,2016,2016-07-03T00:00:00Z,5,0,NA
Road,Hymenoxys hoopesii,Hymenoxys hoopesii,2016,2016-07-03T00:00:00Z,1,0,Same looking 7-13
Road,Hymenoxys hoopesii,Hymenoxys hoopesii,2016,2016-07-03T00:00:00Z,2,0,Same looking 7-13
Road,Hymenoxys hoopesii,Hymenoxys hoopesii,2016,2016-07-03T00:00:00Z,3,0,Same looking 7-13
Road,Hymenoxys hoopesii,Hymenoxys hoopesii,2016,2016-07-03T00:00:00Z,4,0,Same looking 7-13
Road,Hymenoxys hoopesii,Hymenoxys hoopesii,2016,2016-07-03T00:00:00Z,5,1,Same looking 7-13
Road,Juncus sp.,Juncus sp.,2016,2016-07-03T00:00:00Z,1,0,NA
Road,Juncus sp.,Juncus sp.,2016,2016-07-03T00:00:00Z,2,0,NA
Road,Juncus sp.,Juncus sp.,2016,2016-07-03T00:00:00Z,3,0,NA
Road,Juncus sp.,Juncus sp.,2016,2016-07-03T00:00:00Z,4,0,NA
Road,Juncus sp.,Juncus sp.,2016,2016-07-03T00:00:00Z,5,3,NA
Road,Lathyrus lanszwertii,Lathyrus lanzwertii,2016,2016-07-03T00:00:00Z,1,1,NA
Road,Lathyrus lanszwertii,Lathyrus lanzwertii,2016,2016-07-03T00:00:00Z,2,3,NA
Road,Lathyrus lanszwertii,Lathyrus lanzwertii,2016,2016-07-03T00:00:00Z,3,0,NA
Road,Lathyrus lanszwertii,Lathyrus lanzwertii,2016,2016-07-03T00:00:00Z,4,0,NA
Road,Lathyrus lanszwertii,Lathyrus lanzwertii,2016,2016-07-03T00:00:00Z,5,0,NA
Road,Lupinus polyphyllus var. prunophilus,Lupinus polyphyllus var. prunophilus,2016,2016-07-03T00:00:00Z,1,1,NA
Road,Lupinus polyphyllus var. prunophilus,Lupinus polyphyllus var. prunophilus,2016,2016-07-03T00:00:00Z,2,3,NA
Road,Lupinus polyphyllus var. prunophilus,Lupinus polyphyllus var. prunophilus,2016,2016-07-03T00:00:00Z,3,0,NA
Road,Lupinus polyphyllus var. prunophilus,Lupinus polyphyllus var. prunophilus,2016,2016-07-03T00:00:00Z,4,0,NA
Road,Lupinus polyphyllus var. prunophilus,Lupinus polyphyllus var. prunophilus,2016,2016-07-03T00:00:00Z,5,0,NA
Road,Melica spectabilis,Bromelica spectabilis,2016,2016-07-03T00:00:00Z,1,0,NA
Road,Melica spectabilis,Bromelica spectabilis,2016,2016-07-03T00:00:00Z,2,3,NA
Road,Melica spectabilis,Bromelica spectabilis,2016,2016-07-03T00:00:00Z,3,0,NA
Road,Melica spectabilis,Bromelica spectabilis,2016,2016-07-03T00:00:00Z,4,0,NA
Road,Melica spectabilis,Bromelica spectabilis,2016,2016-07-03T00:00:00Z,5,0,NA
Road,Phleum pratense,Phleum pratense,2016,2016-07-03T00:00:00Z,1,0,"Some of this could be Koeleria macrantha (PG01), which was in the area of plot 5. But there were no to few seed heads so was hard to tell."
Road,Phleum pratense,Phleum pratense,2016,2016-07-03T00:00:00Z,2,0,"Some of this could be Koeleria macrantha (PG01), which was in the area of plot 5. But there were no to few seed heads so was hard to tell."
Road,Phleum pratense,Phleum pratense,2016,2016-07-03T00:00:00Z,3,0,"Some of this could be Koeleria macrantha (PG01), which was in the area of plot 5. But there were no to few seed heads so was hard to tell."
Road,Phleum pratense,Phleum pratense,2016,2016-07-03T00:00:00Z,4,66,"Some of this could be Koeleria macrantha (PG01), which was in the area of plot 5. But there were no to few seed heads so was hard to tell."
Road,Phleum pratense,Phleum pratense,2016,2016-07-03T00:00:00Z,5,12,"Some of this could be Koeleria macrantha (PG01), which was in the area of plot 5. But there were no to few seed heads so was hard to tell."
Road,Poa pratensis,Poa pratensis,2016,2016-07-03T00:00:00Z,1,8,NA
Road,Poa pratensis,Poa pratensis,2016,2016-07-03T00:00:00Z,2,95,NA
Road,Poa pratensis,Poa pratensis,2016,2016-07-03T00:00:00Z,3,124,NA
Road,Poa pratensis,Poa pratensis,2016,2016-07-03T00:00:00Z,4,53,NA
Road,Poa pratensis,Poa pratensis,2016,2016-07-03T00:00:00Z,5,1,NA
Road,Potentilla fruticosa,Potentilla fruticosa,2016,2016-07-03T00:00:00Z,1,0,NA
Road,Potentilla fruticosa,Potentilla fruticosa,2016,2016-07-03T00:00:00Z,2,3,NA
Road,Potentilla fruticosa,Potentilla fruticosa,2016,2016-07-03T00:00:00Z,3,0,NA
Road,Potentilla fruticosa,Potentilla fruticosa,2016,2016-07-03T00:00:00Z,4,1,NA
Road,Potentilla fruticosa,Potentilla fruticosa,2016,2016-07-03T00:00:00Z,5,2,NA
Road,Potentilla gracilis,Potentilla gracilis,2016,2016-07-03T00:00:00Z,1,2,NA
Road,Potentilla gracilis,Potentilla gracilis,2016,2016-07-03T00:00:00Z,2,2,NA
Road,Potentilla gracilis,Potentilla gracilis,2016,2016-07-03T00:00:00Z,3,3,NA
Road,Potentilla gracilis,Potentilla gracilis,2016,2016-07-03T00:00:00Z,4,4,NA
Road,Potentilla gracilis,Potentilla gracilis,2016,2016-07-03T00:00:00Z,5,9,NA
Road,Potentilla hippiana,Potentilla hippiana,2016,2016-07-03T00:00:00Z,1,2,NA
Road,Potentilla hippiana,Potentilla hippiana,2016,2016-07-03T00:00:00Z,2,0,NA
Road,Potentilla hippiana,Potentilla hippiana,2016,2016-07-03T00:00:00Z,3,0,NA
Road,Potentilla hippiana,Potentilla hippiana,2016,2016-07-03T00:00:00Z,4,0,NA
Road,Potentilla hippiana,Potentilla hippiana,2016,2016-07-03T00:00:00Z,5,0,NA
Road,Ranunculus alismifolius,Ranunculus alismifolius,2016,2016-07-03T00:00:00Z,1,0,NA
Road,Ranunculus alismifolius,Ranunculus alismifolius,2016,2016-07-03T00:00:00Z,2,0,NA
Road,Ranunculus alismifolius,Ranunculus alismifolius,2016,2016-07-03T00:00:00Z,3,0,NA
Road,Ranunculus alismifolius,Ranunculus alismifolius,2016,2016-07-03T00:00:00Z,4,0,NA
Road,Ranunculus alismifolius,Ranunculus alismifolius,2016,2016-07-03T00:00:00Z,5,23,NA
Road,Rumex acetosella,Acetosella vulgaris,2016,2016-07-03T00:00:00Z,1,0,NA
Road,Rumex acetosella,Acetosella vulgaris,2016,2016-07-03T00:00:00Z,2,1,NA
Road,Rumex acetosella,Acetosella vulgaris,2016,2016-07-03T00:00:00Z,3,37,NA
Road,Rumex acetosella,Acetosella vulgaris,2016,2016-07-03T00:00:00Z,4,2,NA
Road,Rumex acetosella,Acetosella vulgaris,2016,2016-07-03T00:00:00Z,5,0,NA
Road,Rumex sp.,Rumex sp.,2016,2016-07-03T00:00:00Z,1,0,NA
Road,Rumex sp.,Rumex sp.,2016,2016-07-03T00:00:00Z,2,0,NA
Road,Rumex sp.,Rumex sp.,2016,2016-07-03T00:00:00Z,3,0,NA
Road,Rumex sp.,Rumex sp.,2016,2016-07-03T00:00:00Z,4,1,NA
Road,Rumex sp.,Rumex sp.,2016,2016-07-03T00:00:00Z,5,0,NA
Road,Taraxacum officinale,Taraxacum officinale,2016,2016-07-03T00:00:00Z,1,8,NA
Road,Taraxacum officinale,Taraxacum officinale,2016,2016-07-03T00:00:00Z,2,4,NA
Road,Taraxacum officinale,Taraxacum officinale,2016,2016-07-03T00:00:00Z,3,18,NA
Road,Taraxacum officinale,Taraxacum officinale,2016,2016-07-03T00:00:00Z,4,32,NA
Road,Taraxacum officinale,Taraxacum officinale,2016,2016-07-03T00:00:00Z,5,18,NA
Road,Trifolium longipes,Trifolium longipes,2016,2016-07-03T00:00:00Z,1,0,There were 2 more species of Trifolium (purple not white) blooming later in the season (July) and there is a chance that some of these are those species.
Road,Trifolium longipes,Trifolium longipes,2016,2016-07-03T00:00:00Z,2,0,There were 2 more species of Trifolium (purple not white) blooming later in the season (July) and there is a chance that some of these are those species.
Road,Trifolium longipes,Trifolium longipes,2016,2016-07-03T00:00:00Z,3,0,There were 2 more species of Trifolium (purple not white) blooming later in the season (July) and there is a chance that some of these are those species.
Road,Trifolium longipes,Trifolium longipes,2016,2016-07-03T00:00:00Z,4,16,There were 2 more species of Trifolium (purple not white) blooming later in the season (July) and there is a chance that some of these are those species.
Road,Trifolium longipes,Trifolium longipes,2016,2016-07-03T00:00:00Z,5,64,There were 2 more species of Trifolium (purple not white) blooming later in the season (July) and there is a chance that some of these are those species.
Road,Trogopodon dubius,Trogopodon dubius,2016,2016-07-03T00:00:00Z,1,1,NA
Road,Trogopodon dubius,Trogopodon dubius,2016,2016-07-03T00:00:00Z,2,1,NA
Road,Trogopodon dubius,Trogopodon dubius,2016,2016-07-03T00:00:00Z,3,4,NA
Road,Trogopodon dubius,Trogopodon dubius,2016,2016-07-03T00:00:00Z,4,0,NA
Road,Trogopodon dubius,Trogopodon dubius,2016,2016-07-03T00:00:00Z,5,0,NA
Road,Valeriana capitata,Valeriana capitata,2016,2016-07-03T00:00:00Z,1,0,NA
Road,Valeriana capitata,Valeriana capitata,2016,2016-07-03T00:00:00Z,2,0,NA
Road,Valeriana capitata,Valeriana capitata,2016,2016-07-03T00:00:00Z,3,10,NA
Road,Valeriana capitata,Valeriana capitata,2016,2016-07-03T00:00:00Z,4,4,NA
Road,Valeriana capitata,Valeriana capitata,2016,2016-07-03T00:00:00Z,5,0,NA
Road,Valeriana edulis,Valeriana edulis,2016,2016-07-03T00:00:00Z,1,0,NA
Road,Valeriana edulis,Valeriana edulis,2016,2016-07-03T00:00:00Z,2,0,NA
Road,Valeriana edulis,Valeriana edulis,2016,2016-07-03T00:00:00Z,3,0,NA
Road,Valeriana edulis,Valeriana edulis,2016,2016-07-03T00:00:00Z,4,0,NA
Road,Valeriana edulis,Valeriana edulis,2016,2016-07-03T00:00:00Z,5,2,NA
Road,Veratrum californicum,Veratrum californicum,2016,2016-07-03T00:00:00Z,1,0,NA
Road,Veratrum californicum,Veratrum californicum,2016,2016-07-03T00:00:00Z,2,0,NA
Road,Veratrum californicum,Veratrum californicum,2016,2016-07-03T00:00:00Z,3,0,NA
Road,Veratrum californicum,Veratrum californicum,2016,2016-07-03T00:00:00Z,4,0,NA
Road,Veratrum californicum,Veratrum californicum,2016,2016-07-03T00:00:00Z,5,9,NA
Road,Vicia americana,Vicia americana,2016,2016-07-03T00:00:00Z,1,16,NA
Road,Vicia americana,Vicia americana,2016,2016-07-03T00:00:00Z,2,0,NA
Road,Vicia americana,Vicia americana,2016,2016-07-03T00:00:00Z,3,0,NA
Road,Vicia americana,Vicia americana,2016,2016-07-03T00:00:00Z,4,0,NA
Road,Vicia americana,Vicia americana,2016,2016-07-03T00:00:00Z,5,0,NA
Road,Viola sp.,Viola sp.,2016,2016-07-03T00:00:00Z,1,29,NA
Road,Viola sp.,Viola sp.,2016,2016-07-03T00:00:00Z,2,1,NA
Road,Viola sp.,Viola sp.,2016,2016-07-03T00:00:00Z,3,5,NA
Road,Viola sp.,Viola sp.,2016,2016-07-03T00:00:00Z,4,0,NA
Road,Viola sp.,Viola sp.,2016,2016-07-03T00:00:00Z,5,0,NA
