species_formatted,species_orig,species_LCVP,Genus,Family,Order,grass,woody
Plantago asiatica,Plantago asiatica,Plantago asiatica,Plantago,Plantaginaceae,Lamiales,0,0
Potentilla leuconota,Potentilla leuconota,Argentina leuconota,Argentina,Rosaceae,Rosales,0,0.93
Epilobium fangii,Epilobium fangii,Epilobium fangii,Epilobium,Onagraceae,Myrtales,0,0
Galium hoffmeisteri,Galium hoffmeisteri,Galium hoffmeisteri,Galium,Rubiaceae,Gentianales,0,0.04
Cerastium szechuense,Cerastium szechuense,Cerastium szechuense,Cerastium,Caryophyllaceae,Caryophyllales,0,0
Viola biflora var. rockiana,Viola biflora var. rockiana,Viola biflora,Viola,Violaceae,Malpighiales,0,0
Artemisia flaccida,Artemisia flaccida,Artemisia fulgens,Artemisia,Asteraceae,Asterales,0,0.35
Pedicularis davidii,Pedicularis davidii,Pedicularis davidii,Pedicularis,Orobanchaceae,Lamiales,0,0
Geranium pylzowianum,Geranium pylzowianum,Geranium pylzowianum,Geranium,Geraniaceae,Geraniales,0,0
Hypericum wightianum,Hypericum wightianum,Hypericum wightianum,Hypericum,Hypericaceae,Malpighiales,0,0
Veronica szechuanica,Veronica szechuanica,Veronica szechuanica,Veronica,Plantaginaceae,Lamiales,0,0
Persicaria vivipara,Persicaria vivipara,Bistorta vivipara,Bistorta,Polygonaceae,Caryophyllales,0,0.53
Allium prattii,Allium prattii,Allium prattii,Allium,Amaryllidaceae,Asparagales,0,0
Polygonum macrophyllum,Polygonum macrophyllum,Bistorta macrophylla,Bistorta,Polygonaceae,Caryophyllales,0,0.53
Aletris pauciflora,Aletris pauciflora,Aletris pauciflora,Aletris,Nartheciaceae,Dioscoreales,0,0
Carex boliviensis,Carex boliviensis,Carex boliviensis,Carex,Cyperaceae,Poales,1,0
Hypericum andinum,Hypericum andinum,Hypericum andinum,Hypericum,Hypericaceae,Malpighiales,0,0
Polypogon sp,Polypogon sp,NA,Polypogon,Poaceae,Poales,1,0
Bromus lanatus,Bromus lanatus,Bromus lanatus,Bromus,Poaceae,Poales,1,0
Festuca dolichophylla,Festuca dolichophylla,Festuca dolichophylla,Festuca,Poaceae,Poales,1,0
Trichophorum rigidum,Trichophorum rigidum,Trichophorum rigidum,Trichophorum,Cyperaceae,Poales,1,0
Carex pygmaea,Carex pygmaea,Carex pygmaea,Carex,Cyperaceae,Poales,1,0
Oreithales integrifolia,Oreithales integrifolia,Anemone integrifolia,Anemone,Ranunculaceae,Ranunculales,0,0
Halenia umbellata,Halenia umbellata,Halenia umbellata,Halenia,Gentianaceae,Gentianales,0,0
Rhynchospora macrochaeta,Rhynchospora macrochaeta,Rhynchospora macrochaeta,Rhynchospora,Cyperaceae,Poales,1,0
Oritrophium hieracioides,Oritrophium hieracioides,Podocoma hieraciifolia,Podocoma,Asteraceae,Asterales,0,0.22
Carex pichinchensis,Carex pichinchensis,Carex pichinchensis,Carex,Cyperaceae,Poales,1,0
Anatherostipa hans-meyeri,Anatherostipa hans-meyeri,Anatherostipa hans-meyeri,Anatherostipa,Poaceae,Poales,1,0.04
Gentiana sedifolia,Gentiana sedifolia,Gentiana prostrata,Gentiana,Gentianaceae,Gentianales,0,0
Luzula racemosa,Luzula racemosa,Luzula racemosa,Luzula,Juncaceae,Poales,1,0
Elaphoglossum amphioxys,Elaphoglossum amphioxys,Elaphoglossum amphioxys,Elaphoglossum,Dryopteridaceae,Polypodiales,0,0
Polypogon exasperatus,Polypogon exasperatus,Polypogon exasperatus,Polypogon,Poaceae,Poales,1,0
Lachemilla orbiculata,Lachemilla orbiculata,Lachemilla orbiculata,Lachemilla,Rosaceae,Rosales,0,0.93
Acaena cylindristachya,Acaena cylindristachya,Acaena cylindristachya,Acaena,Rosaceae,Rosales,0,0
Lysipomia laciniata,Lysipomia laciniata,Lysipomia laciniata,Lysipomia,Campanulaceae,Asterales,0,0.5
Paspalum bonplandianum,Paspalum bonplandianum,Paspalum bonplandianum,Paspalum,Poaceae,Poales,1,0
Calamagrostis tarmensis,Calamagrostis tarmensis,Calamagrostis tarmensis,Calamagrostis,Poaceae,Poales,1,0
Gaultheria glomerata,Gaultheria glomerata,Gaultheria glomerata,Gaultheria,Ericaceae,Ericales,0,1
Viola pygmaea,Viola pygmaea,Viola pygmaea,Viola,Violaceae,Malpighiales,0,0
Vaccinium floribundum,Vaccinium floribundum,Vaccinium floribundum,Vaccinium,Ericaceae,Ericales,0,1
Lycopodium clavatum,Lycopodium clavatum,Lycopodium clavatum,Lycopodium,Lycopodiaceae,Lycopodiales,0,0
Pernettya prostrata,Pernettya prostrata,Gaultheria prostrata,Gaultheria,Ericaceae,Ericales,0,1
Bidens triplinervia,Bidens triplinervia,Bidens triplinervia,Bidens,Asteraceae,Asterales,0,0.08
Baccharis genistelloides,Baccharis genistelloides,Baccharis genistelloides,Baccharis,Asteraceae,Asterales,0,1
Perezia pungens,Perezia pungens,Perezia pungens,Perezia,Asteraceae,Asterales,0,0.22
Miconia rotundifolia,Miconia rotundifolia,Miconia rotundifolia,Miconia,Melastomataceae,Myrtales,0,1
Chaptalia cordata,Chaptalia cordata,Chaptalia cordata,Chaptalia,Asteraceae,Asterales,0,0
Lysipomia sp,Lysipomia sp,NA,Lysipomia,Campanulaceae,Asterales,0,0.5
Stevia pennellii,Stevia pennellii,Stevia pennellii,Stevia,Asteraceae,Asterales,0,0
Baccharis tricuneata,Baccharis tricuneata,Baccharis tricuneata,Baccharis,Asteraceae,Asterales,0,1
Nertera granadensis,Nertera granadensis,Nertera granadensis,Nertera,Rubiaceae,Gentianales,0,0
Poa spicigera,Poa spicigera,Poa spicigera,Poa,Poaceae,Poales,1,0
Cyrtochilum aureum,Cyrtochilum aureum,Cyrtochilum aureum,Cyrtochilum,Orchidaceae,Asparagales,0,0
Eriosorus cheilanthoides,Eriosorus cheilanthoides,Jamesonia cheilanthoides,Jamesonia,Pteridaceae,Polypodiales,0,0
Senecio burkartii,Senecio burkartii,Senecio burkartii,Senecio,Asteraceae,Asterales,0,0.11
Lycopodium thyoides,Lycopodium thyoides,Diphasiastrum thyoides,Diphasiastrum,Lycopodiaceae,Lycopodiales,0,0
Pterichis sp,Pterichis sp1,NA,Pterichis,Orchidaceae,Asparagales,0,0
Gnaphalium dombeyanum,Gnaphalium dombeyanum,Gnaphalium dombeyanum,Gnaphalium,Asteraceae,Asterales,0,0
Festuca sp,Festuca sp4,NA,Festuca,Poaceae,Poales,1,0
Sisyrinchium vaginatum,Sisyrinchium vaginatum,Sisyrinchium vaginatum,Sisyrinchium,Iridaceae,Asparagales,0,0
Elaphoglossum huacsaro,Elaphoglossum huacsaro,Elaphoglossum huacsaro,Elaphoglossum,Dryopteridaceae,Polypodiales,0,0
Pteridium aquilinum,Pteridium aquilinum,Pteridium aquilinum,Pteridium,Dennstaedtiaceae,Polypodiales,0,0
Calamagrostis cf. amoena,Calamagrostis cf. amoena,Calamagrostis festucoides,Calamagrostis,Poaceae,Poales,1,0
Galium corymbosum,Galium corymbosum,Galium corymbosum,Galium,Rubiaceae,Gentianales,0,0.04
Danthonia secundiflora,Danthonia secundiflora,Danthonia secundiflora,Danthonia,Poaceae,Poales,1,0
Calamagrostis sp,Calamagrostis sp2,NA,Calamagrostis,Poaceae,Poales,1,0
Hieracium cf. mandonii,Hieracium cf. mandonii,Hieracium mandonii,Hieracium,Asteraceae,Asterales,0,0
Carex bonplandii,Carex bonplandii,Carex bonplandii,Carex,Cyperaceae,Poales,1,0
Rhynchospora aristata,Rhynchospora aristata,Rhynchospora aristata,Rhynchospora,Cyperaceae,Poales,1,0
Carex cf. crinalis,Carex cf. crinalis,Carex peruviana,Carex,Cyperaceae,Poales,1,0
Hypochaeris taraxacoides,Hypochaeris taraxacoides,Hypochaeris taraxacoides,Hypochaeris,Asteraceae,Asterales,0,0
Euphorbia huanchahana,Euphorbia huanchahana,Euphorbia huanchahana,Euphorbia,Euphorbiaceae,Malpighiales,0,0.37
Gaultheria vaccinioides,Gaultheria vaccinioides,Gaultheria vaccinioides,Gaultheria,Ericaceae,Ericales,0,1
Melpomene moniliformis,Melpomene moniliformis,Melpomene moniliformis,Melpomene,Polypodiaceae,Polypodiales,0,0.04
Baccharis caespitosa,Baccharis caespitosa,Baccharis caespitosa,Baccharis,Asteraceae,Asterales,0,1
Calamagrostis rigida,Calamagrostis rigida,Calamagrostis rigida,Calamagrostis,Poaceae,Poales,1,0
Werneria villosa,Werneria villosa,Werneria villosa,Werneria,Asteraceae,Asterales,0,0
Geranium sessiliflorum,Geranium sessiliflorum,Geranium sessiliflorum,Geranium,Geraniaceae,Geraniales,0,0
Antennaria linearifolia,Antennaria linearifolia,Antennaria linearifolia,Antennaria,Asteraceae,Asterales,0,0.1
Bartsia trichophylla,Bartsia trichophylla,Neobartsia trichophylla,Neobartsia,Orobanchaceae,Lamiales,0,0.05
Gomphichis valida,Gomphichis valida,Gomphichis valida,Gomphichis,Orchidaceae,Asparagales,0,0
Werneria nubigena,Werneria nubigena,Werneria nubigena,Werneria,Asteraceae,Asterales,0,0
Lachemilla cf. vulcanica,Lachemilla cf. vulcanica,Lachemilla vulcanica,Lachemilla,Rosaceae,Rosales,0,0.93
Oreobolus goeppingeri,Oreobolus goeppingeri,Oreobolus goeppingeri,Oreobolus,Cyperaceae,Poales,1,0
Oxalis oreocharis,Oxalis oreocharis,Oxalis oreocharis,Oxalis,Oxalidaceae,Oxalidales,0,0
Gamochaeta coarctata,Gamochaeta coarctata,Gamochaeta coarctata,Gamochaeta,Asteraceae,Asterales,0,0.22
Aphanactis villosa,Aphanactis villosa,Aphanactis villosa,Aphanactis,Asteraceae,Asterales,0,0
Belonanthus hispidus,Belonanthus hispidus,Valeriana niphobia,Valeriana,Valerianaceae,Dipsacales,0,0
Oreomyrrhis andicola,Oreomyrrhis andicola,Chaerophyllum andicola,Chaerophyllum,Apiaceae,Apiales,0,0
Cerastium arvense,Cerastium arvense,Cerastium arvense,Cerastium,Caryophyllaceae,Caryophyllales,0,0
Bartsia elongata,Bartsia elongata,Neobartsia elongata,Neobartsia,Orobanchaceae,Lamiales,0,0.05
Gentianella ernestii,Gentianella ernestii,Gentianella ernestii,Gentianella,Gentianaceae,Gentianales,0,0.33
Huperzia weberbaueri,Huperzia weberbaueri,NA NA,NA,Lycopodiaceae,Lycopodiales,0,0
Huperzia weberbaueri,Huperzia weberbaueri,NA,Huperzia,Lycopodiaceae,Lycopodiales,0,0
Azorella biloba,Azorella biloba,Azorella biloba,Azorella,Apiaceae,Apiales,0,0
Carex tristicha,Carex tristicha,Carex stricta,Carex,Cyperaceae,Poales,1,0
Cortaderia bifida,Cortaderia bifida,Cortaderia bifida,Cortaderia,Poaceae,Poales,1,0
Cortaderia hapalotricha,Cortaderia hapalotricha,Cortaderia hapalotricha,Cortaderia,Poaceae,Poales,1,0
Lachemilla jamesonii,Lachemilla jamesonii,Lachemilla jamesonii,Lachemilla,Rosaceae,Rosales,0,0.93
Festuca procera,Festuca procera,Festuca procera,Festuca,Poaceae,Poales,1,0
Oreobolus venezuelensis,Oreobolus venezuelensis,Oreobolus venezuelensis,Oreobolus,Cyperaceae,Poales,1,0
Puya leptostachya,Puya leptostachya,Puya leptostachya,Puya,Bromeliaceae,Poales,1,0
Lachemilla sp,Lachemilla sp,NA,Lachemilla,Rosaceae,Rosales,0,0.93
Elaphoglossum engelii,Elaphoglossum engelii,Elaphoglossum engelii,Elaphoglossum,Dryopteridaceae,Polypodiales,0,0
Galium hypocarpium,Galium hypocarpium,Galium hypocarpium,Galium,Rubiaceae,Gentianales,0,0.04
Muehlenbeckia volcanica,Muehlenbeckia volcanica,Muehlenbeckia volcanica,Muehlenbeckia,Polygonaceae,Caryophyllales,0,0.5
Orchidaceae sp,Orchidaceae sp,NA,NA,Orchidaceae,Asparagales,0,0
Chusquea intipaqariy,Chusquea intipaqariy,Chusquea intipaqariy,Chusquea,Poaceae,Poales,1,1
Lysipomia glandulifera,Lysipomia glandulifera,Lysipomia glandulifera,Lysipomia,Campanulaceae,Asterales,0,0.5
Brachyotum grisebachii,Brachyotum grisebachii,Brachyotum grisebachii,Brachyotum,Melastomataceae,Myrtales,0,0.95
Calamagrostis sp,Calamagrostis sp3,NA,Calamagrostis,Poaceae,Poales,1,0
Brachyotum sp,Brachyotum sp,NA,Brachyotum,Melastomataceae,Myrtales,0,0.95
Senecio rhizomatus,Senecio rhizomatus,Senecio rhizomatus,Senecio,Asteraceae,Asterales,0,0.11
Laestadia muscicola,Laestadia muscicola,Laestadia muscicola,Laestadia,Asteraceae,Asterales,0,0.22
Viola thymifolia,Viola thymifolia,Viola thymifolia,Viola,Violaceae,Malpighiales,0,0
Jamesonia blepharum,Jamesonia blepharum,Jamesonia blepharum,Jamesonia,Pteridaceae,Polypodiales,0,0
Carex sp,Carex sp7,NA,Carex,Cyperaceae,Poales,1,0
Myrsine coriacea,Myrsine coriacea,Myrsine coriacea,Myrsine,Myrsinaceae,Ericales,0,1
Diplostephium cf. haenkei,Diplostephium cf. haenkei,Diplostephium haenkei,Diplostephium,Asteraceae,Asterales,0,1
Niphogeton dissecta,Niphogeton dissecta,Niphogeton dissecta,Niphogeton,Apiaceae,Apiales,0,0
Rhynchospora seedlings,Rhynchospora seedlings,Rhynchospora debilis,Rhynchospora,Cyperaceae,Poales,1,0
Eriocaulon microcephalum,Eriocaulon microcephalum,Eriocaulon microcephalum,Eriocaulon,Eriocaulaceae,Poales,1,0
Blechnum auratum,Blechnum auratum,Lomariocycas aurata,Lomariocycas,Blechnaceae,Polypodiales,0,0
Poa sp,Poa sp2,NA,Poa,Poaceae,Poales,1,0
Bomarea brevis,Bomarea brevis,Bomarea brevis,Bomarea,Alstroemeriaceae,Liliales,0,0
Gaultheria erecta,Gaultheria erecta,Gaultheria erecta,Gaultheria,Ericaceae,Ericales,0,1
Poaceae sp,Poaceae sp1,NA,NA,Poaceae,Poales,1,0.04
Belloa kunthiana,Belloa kunthiana,Mniodes kunthiana,Mniodes,Asteraceae,Asterales,0,0.22
Werneria pygmaea,Werneria pygmaea,Werneria pygmaea,Werneria,Asteraceae,Asterales,0,0
Alchemilla pinnata,Alchemilla pinnata,Lachemilla achilleifolia,Lachemilla,Rosaceae,Rosales,0,1
Nototriche sp,Nototriche sp1,NA,Nototriche,Malvaceae,Malvales,0,0.69
Myrosmodes paludosa,Myrosmodes paludosa,Myrosmodes paludosa,Myrosmodes,Orchidaceae,Asparagales,0,0
Aciachne pulvinata,Aciachne pulvinata,Aciachne pulvinata,Aciachne,Poaceae,Poales,1,0.04
Festuca rigescens,Festuca rigescens,Festuca rigescens,Festuca,Poaceae,Poales,1,0
Festuca cf. andina,Festuca cf. andina,Festuca alpina,Festuca,Poaceae,Poales,1,0
Calamagrostis cf. amonea,Calamagrostis cf. amonea,Calamagrostis festucoides,Calamagrostis,Poaceae,Poales,1,0
Equisetum arvense,Equisetum arvense,Equisetum arvense,Equisetum,Equisetaceae,Equisetales,0,0
Silene acaulis,Silene acaulis,Silene acaulis,Silene,Caryophyllaceae,Caryophyllales,0,0
Dryas octopetala,Dryas octopetala,Dryas octopetala,Dryas,Rosaceae,Rosales,0,1
Salix polaris,Salix polaris,Salix polaris,Salix,Salicaceae,Malpighiales,0,1
Pedicularis hirsuta,Pedicularis hirsuta,Pedicularis hirsuta,Pedicularis,Orobanchaceae,Lamiales,0,0
Carex rupestris,Carex rupestris,Carex rupestris,Carex,Cyperaceae,Poales,1,0
Equisetum scirpoides,Equisetum scirpoides,Equisetum scirpoides,Equisetum,Equisetaceae,Equisetales,0,0
Bistorta vivipara,Bistorta vivipara,Bistorta vivipara,Bistorta,Polygonaceae,Caryophyllales,0,0.53
Luzula confusa,Luzula confusa,Luzula confusa,Luzula,Juncaceae,Poales,1,0
Trisetum spicatum,Trisetum spicatum,Koeleria spicata,Koeleria,Poaceae,Poales,1,0
Cassiope tetragona,Cassiope tetragona,Cassiope tetragona,Cassiope,Ericaceae,Ericales,0,1
Alopecurus ovatus,Alopecurus ovatus,Alopecurus magellanicus,Alopecurus,Poaceae,Poales,1,0
Luzula nivalis,Luzula nivalis,Luzula nivalis,Luzula,Juncaceae,Poales,1,0
Poa arctica,Poa arctica,Poa arctica,Poa,Poaceae,Poales,1,0
Festuca rubra,Festuca rubra,Festuca rubra,Festuca,Poaceae,Poales,1,0
Oxyria digyna,Oxyria digyna,Oxyria digyna,Oxyria,Polygonaceae,Caryophyllales,0,0
Equisetum variegatum,Equisetum variegatum,Equisetum variegatum,Equisetum,Equisetaceae,Equisetales,0,0
Poa pratensis,Poa pratensis,Poa pratensis,Poa,Poaceae,Poales,1,0
Betula nana,Betula nana,Betula nana,Betula,Betulaceae,Fagales,0,1
Saxifraga cernua,Saxifraga cernua,Saxifraga cernua,Saxifraga,Saxifragaceae,Saxifragales,0,0
Cerastium arcticum,Cerastium arcticum,Cerastium arcticum,Cerastium,Caryophyllaceae,Caryophyllales,0,0
Stellaria longipes,Stellaria longipes,Stellaria longipes,Stellaria,Caryophyllaceae,Caryophyllales,0,0
Micranthes nivalis,Micranthes nivalis,Micranthes nivalis,Micranthes,Saxifragaceae,Saxifragales,0,0
Draba arctica,Draba arctica,Draba arctica,Draba,Brassicaceae,Brassicales,0,0
Saxifraga cespitosa,Saxifraga cespitosa,Saxifraga caespitosa,Saxifraga,Saxifragaceae,Saxifragales,0,0
Sanionia sp,Sanionia sp,NA,Sanionia,Thismiaceae,Dioscoreales,0,0
Polytrichum sp,Polytrichum sp,NA,Polytrichum,Dryopteridaceae,Polypodiales,0,0
Potentilla hyparctica,Potentilla hyparctica,Potentilla hyparctica,Potentilla,Rosaceae,Rosales,0,0.09
Festuca viviparoidea,Festuca viviparoidea,Festuca viviparoidea,Festuca,Poaceae,Poales,1,0
Micranthes hieraciifolia,Micranthes hieraciifolia,Micranthes hieraciifolia,Micranthes,Saxifragaceae,Saxifragales,0,0
Draba oxycarpa,Draba oxycarpa,Draba oxycarpa,Draba,Brassicaceae,Brassicales,0,0
Saxifraga oppositifolia,Saxifraga oppositifolia,Saxifraga oppositifolia,Saxifraga,Saxifragaceae,Saxifragales,0,0
Calamagrostis neglecta,Calamagrostis neglecta,Calamagrostis neglecta,Calamagrostis,Poaceae,Poales,1,0
Poa alpina,Poa alpina,Poa alpina,Poa,Poaceae,Poales,1,0
Saxifraga hirculus,Saxifraga hirculus,Saxifraga hirculus,Saxifraga,Saxifragaceae,Saxifragales,0,0
Ranunculus sulphureus,Ranunculus sulphureus,Ranunculus sulphureus,Ranunculus,Ranunculaceae,Ranunculales,0,0
Polytrichum piliferum,Polytrichum piliferum,NA,Polytrichum,Dryopteridaceae,Polypodiales,0,0
Agrostis capillaris,Agrostis capillaris,Agrostis capillaris,Agrostis,Poaceae,Poales,1,0
Avenella flexuosa,Avenella flexuosa,Deschampsia flexuosa,Deschampsia,Poaceae,Poales,1,0
Viola palustris,Viola palustris,Viola palustris,Viola,Violaceae,Malpighiales,0,0
Veronica officinalis,Veronica officinalis,Veronica officinalis,Veronica,Plantaginaceae,Lamiales,0,0
Viola riviniana,Viola riviniana,Viola riviniana,Viola,Violaceae,Malpighiales,0,0
Potentilla erecta,Potentilla erecta,Potentilla erecta,Potentilla,Rosaceae,Rosales,0,0
Carex vaginata,Carex vaginata,Carex vaginata,Carex,Cyperaceae,Poales,1,0
Anthoxanthum odoratum,Anthoxanthum odoratum,Anthoxanthum odoratum,Anthoxanthum,Poaceae,Poales,1,0
Luzula multiflora,Luzula multiflora,Luzula multiflora,Luzula,Juncaceae,Poales,1,0
Veronica chamaedrys,Veronica chamaedrys,Veronica chamaedrys,Veronica,Plantaginaceae,Lamiales,0,0
Achillea millefolium,Achillea millefolium,Achillea millefolium,Achillea,Asteraceae,Asterales,0,0
Campanula rotundifolia,Campanula rotundifolia,Campanula rotundifolia,Campanula,Campanulaceae,Asterales,0,0
Carex leporina,Carex leporina,Carex leporina,Carex,Cyperaceae,Poales,1,0
Festuca ovina,Festuca ovina,Festuca ovina,Festuca,Poaceae,Poales,1,0
Carex bigelowii,Carex bigelowii,Carex bigelowii,Carex,Cyperaceae,Poales,1,0
Alchemilla alpina,Alchemilla alpina,Alchemilla alpina,Alchemilla,Rosaceae,Rosales,0,1
Trifolium repens,Trifolium repens,Trifolium repens,Trifolium,Fabaceae,Fabales,0,0
Ranunculus acris,Ranunculus acris,Ranunculus acris,Ranunculus,Ranunculaceae,Ranunculales,0,0
Hypericum maculatum,Hypericum maculatum,Hypericum maculatum,Hypericum,Hypericaceae,Malpighiales,0,0
Euphrasia stricta,Euphrasia stricta,Euphrasia stricta,Euphrasia,Orobanchaceae,Lamiales,0,0
Trifolium pratense,Trifolium pratense,Trifolium pratense,Trifolium,Fabaceae,Fabales,0,0
Galium uliginosum,Galium uliginosum,Galium uliginosum,Galium,Rubiaceae,Gentianales,0,0.04
Galium verum,Galium verum,Galium verum,Galium,Rubiaceae,Gentianales,0,0
Stellaria graminea,Stellaria graminea,Stellaria graminea,Stellaria,Caryophyllaceae,Caryophyllales,0,0
Rumex acetosa,Rumex acetosa,Rumex acetosa,Rumex,Polygonaceae,Caryophyllales,0,0
Alchemilla sp,Alchemilla sp,NA,Alchemilla,Rosaceae,Rosales,0,1
Leontodon autumnalis,Leontodon autumnalis,Scorzoneroides autumnalis,Scorzoneroides,Asteraceae,Asterales,0,0.22
Viola tricolor,Viola tricolor,Viola tricolor,Viola,Violaceae,Malpighiales,0,0
Rumex acetosella,Rumex acetosella,Rumex acetosella,Rumex,Polygonaceae,Caryophyllales,0,0
Deschampsia cespitosa,Deschampsia cespitosa,Deschampsia caespitosa,Deschampsia,Poaceae,Poales,1,0
Carex capillaris,Carex capillaris,Carex capillaris,Carex,Cyperaceae,Poales,1,0
Salix reticulata,Salix reticulata,Salix reticulata,Salix,Salicaceae,Malpighiales,0,1
Thalictrum alpinum,Thalictrum alpinum,Thalictrum alpinum,Thalictrum,Ranunculaceae,Ranunculales,0,0
Saussurea alpina,Saussurea alpina,Saussurea alpina,Saussurea,Asteraceae,Asterales,0,0
Sibbaldia procumbens,Sibbaldia procumbens,Sibbaldia procumbens,Sibbaldia,Rosaceae,Rosales,0,0
Veronica alpina,Veronica alpina,Veronica alpina,Veronica,Plantaginaceae,Lamiales,0,0
Salix herbacea,Salix herbacea,Salix herbacea,Salix,Salicaceae,Malpighiales,0,1
Tofieldia pusilla,Tofieldia pusilla,Tofieldia pusilla,Tofieldia,Tofieldiaceae,Alismatales,0,0
Agrostis mertensii,Agrostis mertensii,Agrostis mertensii,Agrostis,Poaceae,Poales,1,0
Antennaria dioica,Antennaria dioica,Antennaria dioica,Antennaria,Asteraceae,Asterales,0,0
Vaccinium uliginosum,Vaccinium uliginosum,Vaccinium uliginosum,Vaccinium,Ericaceae,Ericales,0,1
Selaginella selaginoides,Selaginella selaginoides,Selaginella selaginoides,Selaginella,Selaginellaceae,Selaginellales,0,NA
Carex norvegica,Carex norvegica,Carex norvegica,Carex,Cyperaceae,Poales,1,0
Phleum alpinum,Phleum alpinum,Phleum alpinum,Phleum,Poaceae,Poales,1,0
Carex pilulifera,Carex pilulifera,Carex pilulifera,Carex,Cyperaceae,Poales,1,0
Juncus filiformis,Juncus filiformis,Juncus filiformis,Juncus,Juncaceae,Poales,1,0
Deschampsia alpina,Deschampsia alpina,Deschampsia caespitosa,Deschampsia,Poaceae,Poales,1,0
Cerastium cerastoides,Cerastium cerastoides,Cerastium cerastioides,Cerastium,Caryophyllaceae,Caryophyllales,0,0
Agrostis gigantea,Agrostis gigantea,Agrostis gigantea,Agrostis,Poaceae,Poales,1,0
Ericameria nauseosa,Ericameria nauseosa,Ericameria nauseosa,Ericameria,Asteraceae,Asterales,0,1
Bromus carinatus,Bromus carinatus,Bromus sitchensis,Bromus,Poaceae,Poales,1,0
Phleum pratense,Phleum pratense,Phleum pratense,Phleum,Poaceae,Poales,1,0
Potentilla fruticosa,Potentilla fruticosa,Horkelia californica,Horkelia,Rosaceae,Rosales,0,1
Carex sp.,Carex sp.,NA,Carex,Cyperaceae,Poales,1,0
Geum triflorum,Geum triflorum,Geum triflorum,Geum,Rosaceae,Rosales,0,0
Leucanthemum vulgare,Leucanthemum vulgare,Leucanthemum vulgare,Leucanthemum,Asteraceae,Asterales,0,0
Taraxacum officinale,Taraxacum officinale,Taraxacum campylodes,Taraxacum,Asteraceae,Asterales,0,0
Achnatherum nelsonii,Achnatherum nelsonii,Eriocoma nelsonii,Eriocoma,Poaceae,Poales,1,0.04
Lupinus sp.,Lupinus sp.,NA,Lupinus,Fabaceae,Fabales,0,0.22
Galium coloradoense,Galium coloradoense,Galium coloradoense,Galium,Rubiaceae,Gentianales,0,0.04
Artemisia tridentata,Artemisia tridentata,Artemisia tridentata,Artemisia,Asteraceae,Asterales,0,1
Hymenoxys hoopesii,Hymenoxys hoopesii,Hymenoxys hoopesii,Hymenoxys,Asteraceae,Asterales,0,0
Valeriana occidentalis,Valeriana occidentalis,Valeriana occidentalis,Valeriana,Valerianaceae,Dipsacales,0,0
Veratrum californicum,Veratrum californicum,Veratrum californicum,Veratrum,Melanthiaceae,Liliales,0,0
Heterotheca pumila,Heterotheca pumila,Heterotheca pumila,Heterotheca,Asteraceae,Asterales,0,0.22
Frasera speciosa,Frasera speciosa,Frasera speciosa,Frasera,Gentianaceae,Gentianales,0,0.44
Corydalis caseana,Corydalis caseana,Corydalis caseana,Corydalis,Fumariaceae,Ranunculales,0,0
Geranium richardsonii,Geranium richardsonii,Geranium richardsonii,Geranium,Geraniaceae,Geraniales,0,0
Mertensia ciliata,Mertensia ciliata,Mertensia ciliata,Mertensia,Boraginaceae,Boraginales,0,0.06
Epilobium angustifolium,Epilobium angustifolium,Epilobium angustifolium,Epilobium,Onagraceae,Myrtales,0,0
Ligusticum porteri,Ligusticum porteri,Ligusticum porteri,Ligusticum,Apiaceae,Apiales,0,0.18
Helianthella quinquenervis,Helianthella quinquenervis,Helianthella quinquenervis,Helianthella,Asteraceae,Asterales,0,0.22
Castilleja sulphurea,Castilleja sulphurea,Castilleja sulphurea,Castilleja,Orobanchaceae,Lamiales,0,0.17
Erigeron speciosus,Erigeron speciosus,Erigeron speciosus,Erigeron,Asteraceae,Asterales,0,0
Thalictrum fendleri,Thalictrum fendleri,Thalictrum fendleri,Thalictrum,Ranunculaceae,Ranunculales,0,0
Heracleum sphondylium,Heracleum sphondylium,Heracleum sphondylium,Heracleum,Apiaceae,Apiales,0,0
Senecio serra,Senecio serra,Senecio serra,Senecio,Asteraceae,Asterales,0,0.11
Mertensia lanceolata,Mertensia lanceolata,Mertensia lanceolata,Mertensia,Boraginaceae,Boraginales,0,0.06
Delphinium barbeyi,Delphinium barbeyi,Delphinium barbeyi,Delphinium,Ranunculaceae,Ranunculales,0,0
Purshia tridentata,Purshia tridentata,Purshia tridentata,Purshia,Rosaceae,Rosales,0,1
Antennaria media,Antennaria media,Antennaria media,Antennaria,Asteraceae,Asterales,0,0.1
Chrysothamnus depressus,Chrysothamnus depressus,Chrysothamnus depressus,Chrysothamnus,Asteraceae,Asterales,0,1
Trifolium sp.,Trifolium sp.,NA,Trifolium,Fabaceae,Fabales,0,0
Linum lewisii,Linum lewisii,Linum lewisii,Linum,Linaceae,Malpighiales,0,0.2
Chrysothamnus parryi,Chrysothamnus parryi,Chrysothamnus parryi,Chrysothamnus,Asteraceae,Asterales,0,1
Festuca sp.,Festuca sp.,NA,Festuca,Poaceae,Poales,1,0
Poa reflexa,Poa reflexa,Poa reflexa,Poa,Poaceae,Poales,1,0
Poa sp.,Poa sp.,NA,Poa,Poaceae,Poales,1,0
Collomia linearis,Collomia linearis,Collomia linearis,Collomia,Polemoniaceae,Ericales,0,0.75
Thlaspi arvense,Thlaspi arvense,Thlaspi arvense,Thlaspi,Brassicaceae,Brassicales,0,0
Valeriana capitata,Valeriana capitata,Valeriana capitata,Valeriana,Valerianaceae,Dipsacales,0,0
Vicia americana,Vicia americana,Vicia americana,Vicia,Fabaceae,Fabales,0,0
Erigeron sp.,Erigeron sp.,NA,Erigeron,Asteraceae,Asterales,0,0.09
Lathyrus lanszwertii,Lathyrus lanszwertii,Lathyrus lanszwertii,Lathyrus,Fabaceae,Fabales,0,0
Cirsium undulatum,Cirsium undulatum,Cirsium undulatum,Cirsium,Asteraceae,Asterales,0,0.1
Potentilla gracilis,Potentilla gracilis,Potentilla gracilis,Potentilla,Rosaceae,Rosales,0,0.09
Valeriana edulis,Valeriana edulis,Valeriana edulis,Valeriana,Valerianaceae,Dipsacales,0,0
Senecio sp.,Senecio sp.,NA,Senecio,Asteraceae,Asterales,0,0.11
Hydrophyllum capitatum,Hydrophyllum capitatum,Hydrophyllum capitatum,Hydrophyllum,Hydrophyllaceae,Boraginales,0,0.5
Ribes montigenum,Ribes montigenum,Ribes montigenum,Ribes,Grossulariaceae,Saxifragales,0,1
Acalypha schinzii,Acalypha schinzii,Acalypha depressinervia,Acalypha,Euphorbiaceae,Malpighiales,0,0.57
Anthospermum hispidulum,Anthospermum hispidulum,Anthospermum hispidulum,Anthospermum,Rubiaceae,Gentianales,0,1
Anthospermum herbaceum,Anthospermum herbaceum,Anthospermum herbaceum,Anthospermum,Rubiaceae,Gentianales,0,0
Anthospermum streyi,Anthospermum streyi,Anthospermum streyi,Anthospermum,Rubiaceae,Gentianales,0,0.86
Aristea woodii,Aristea woodii,Aristea torulosa,Aristea,Iridaceae,Asparagales,0,0
Bulbostylis oritrephes,Bulbostylis oritrephes,Bulbostylis oritrephes,Bulbostylis,Cyperaceae,Poales,1,0
Hesperantha baurii,C.f. hesperantha baurii,Hesperantha baurii,Hesperantha,Iridaceae,Asparagales,0,0
Carex zuluensis,Carex zuluensis,Carex zuluensis,Carex,Cyperaceae,Poales,1,0
Commelina africana,Commelina africana,Commelina africana,Commelina,Commelinaceae,Commelinales,0,0
Crassula vaginata,Crassula vaginata,Crassula vaginata,Crassula,Crassulaceae,Saxifragales,0,0.4
Craterocapsa tarsodes,Craterocapsa tarsodes,Craterocapsa tarsodes,Craterocapsa,Campanulaceae,Asterales,0,0.23
Cyperus round,Cyperus round,Cyperus rotundus,Cyperus,Cyperaceae,Poales,1,0
Cyperus semitrifidus,Cyperus semitrifidus,Cyperus semitrifidus,Cyperus,Cyperaceae,Poales,1,0
Cyperus sphaerocephalus,Cyperus sphaerocephalus,Cyperus sphaerocephalus,Cyperus,Cyperaceae,Poales,1,0
Diheteropogon filifolius,Diheteropogon filifolius,Diheteropogon filifolius,Diheteropogon,Poaceae,Poales,1,0.04
Elionurus muticus,Elionurus muticus,Elionurus muticus,Elionurus,Poaceae,Poales,1,0.04
Eragrostis capensis,Eragrostis capensis,Eragrostis capensis,Eragrostis,Poaceae,Poales,1,0
Eragrostis racemosa,Eragrostis racemosa,Eragrostis racemosa,Eragrostis,Poaceae,Poales,1,0
Eulalia villosa,Eulalia villosa,Eulalia villosa,Eulalia,Poaceae,Poales,1,0
Euphorbia stricta,Euphorbia stricta,Euphorbia stricta,Euphorbia,Euphorbiaceae,Malpighiales,0,0.37
Felicia muricata,Felicia muricata,Felicia muricata,Felicia,Asteraceae,Asterales,0,0.5
Ficinia cinnamomea,Ficinia cinnamomea,Ficinia cinnamomea,Ficinia,Cyperaceae,Poales,1,0
Gerbera piloselloides,Gerbera piloselloides,Gerbera piloselloides,Gerbera,Asteraceae,Asterales,0,0
Gnidia caffra,Gnidia caffra,Gnidia caffra,Gnidia,Thymelaeaceae,Malvales,0,1
Haplocarpha scaposa,Haplocarpha scaposa,Haplocarpha thunbergii,Haplocarpha,Asteraceae,Asterales,0,0
Helichrysum auronitens,Helichrysum auronitens,Helichrysum auronitens,Helichrysum,Asteraceae,Asterales,0,0.36
Helichrysum aureum,Helichrysum aureum,Helichrysum aureum,Helichrysum,Asteraceae,Asterales,0,0.36
Helichrysum chionosphaerum,Helichrysum chionosphaerum,Helichrysum chionosphaerum,Helichrysum,Asteraceae,Asterales,0,0.36
Helichrysum ecklonis,Helichrysum ecklonis,Helichrysum ecklonis,Helichrysum,Asteraceae,Asterales,0,0.36
Helichrysum glomeratum,Helichrysum glomeratum,Helichrysum glomeratum,Helichrysum,Asteraceae,Asterales,0,0.36
Helichrysum herbaceum,Helichrysum herbaceum,Helichrysum herbaceum,Helichrysum,Asteraceae,Asterales,0,0.36
Helichrysum nudifolium,Helichrysum nudifolium,Helichrysum nudifolium,Helichrysum,Asteraceae,Asterales,0,0.36
Helichrysum oreophilum,Helichrysum oreophilum,Helichrysum oreophilum,Helichrysum,Asteraceae,Asterales,0,0.36
Helichrysum pallidum,Helichrysum pallidum,Helichrysum pallidum,Helichrysum,Asteraceae,Asterales,0,0.36
Helichrysum pilosellum,Helichrysum pilosellum,Helichrysum nudifolium,Helichrysum,Asteraceae,Asterales,0,0.36
Hermannia woodii,Hermannia woodii,Hermannia woodii,Hermannia,Byttneriaceae,Malvales,0,1
Heteropogon contortus,Heteropogon contortus,Heteropogon contortus,Heteropogon,Poaceae,Poales,1,0
Hypoxis filiformis,Hypoxis filiformis,Hypoxis filiformis,Hypoxis,Hypoxidaceae,Asparagales,0,0
Hypoxis rigidula,Hypoxis rigidula,Hypoxis rigidula,Hypoxis,Hypoxidaceae,Asparagales,0,0
Kohautia amatymbica,Kohautia amatymbica,Kohautia amatymbica,Kohautia,Rubiaceae,Gentianales,0,0.08
Koeleria capensis,Koeleria capensis,Koeleria capensis,Koeleria,Poaceae,Poales,1,0
Microchloa caffra,Microchloa caffra,Microchloa caffra,Microchloa,Poaceae,Poales,1,0.04
Wahlenbergia krebsii,Wahlenbergia krebsii,Wahlenbergia krebsii,Wahlenbergia,Campanulaceae,Asterales,0,0
Moraea stricta,Moraea stricta,Moraea stricta,Moraea,Iridaceae,Asparagales,0,0
Oxalis depressa,Oxalis depressa,Oxalis depressa,Oxalis,Oxalidaceae,Oxalidales,0,0
Pentameris airoides,Pentameris airoides,Pentameris airoides,Pentameris,Poaceae,Poales,1,0.04
Rendlia altera,Rendlia altera,Microchloa altera,Microchloa,Poaceae,Poales,1,0.04
Scilla nervosa,Scilla nervosa,Schizocarphus nervosus,Schizocarphus,Hyacinthaceae,Asparagales,0,0
Sebaea natalensis,Sebaea natalensis,Exochaenium grande,Exochaenium,Gentianaceae,Gentianales,0,0.44
Senecio glaberrimus,Senecio glaberrimus,Senecio glaberrimus,Senecio,Asteraceae,Asterales,0,0.11
Asteraceae sp.,Spiky daisy,NA,NA,Asteraceae,Asterales,0,0.22
Sporobolus centrifugus,Sporobolus centrifugus,Sporobolus centrifugus,Sporobolus,Poaceae,Poales,1,0
Themeda triandra,Themeda triandra,Themeda triandra,Themeda,Poaceae,Poales,1,0
Thesium sp,Thesium sp1,NA,Thesium,Thesiaceae,Santalales,0,0
Tristachya leucothrix,Tristachya leucothrix,Tristachya leucothrix,Tristachya,Poaceae,Poales,1,0
Hypoxis costata,Hypoxis costata,Hypoxis costata,Hypoxis,Hypoxidaceae,Asparagales,0,0
Lasiosiphon kraussianus,Lasiosiphon kraussianus,Gnidia kraussiana,Gnidia,Thymelaeaceae,Malvales,0,1
Harpochloa falx,Harpochloa falx,Harpochloa falx,Harpochloa,Poaceae,Poales,1,0
Acalypha punctata,Acalypha punctata,Acalypha punctata,Acalypha,Euphorbiaceae,Malpighiales,0,0
Leobordea eriantha,Leobordea eriantha,Leobordea eriantha,Leobordea,Fabaceae,Fabales,0,0.89
Rhodohypoxis baurii,Rhodohypoxis baurii,Rhodohypoxis baurii,Rhodohypoxis,Hypoxidaceae,Asparagales,0,0
Aspidonepsis reenensis,Thin asclepias (possibly aspidonepsis reenensis),Aspidonepsis reenensis,Aspidonepsis,Apocynaceae,Gentianales,0,0.84
Sopubia cana,Sopubia cana,Sopubia cana,Sopubia,Orobanchaceae,Lamiales,0,0.05
Berkheya rhapontica,Berkheya rhapontica,Berkheya rhapontica,Berkheya,Asteraceae,Asterales,0,0
Asclepias humilis,Asclepias humilis,Asclepias humilis,Asclepias,Apocynaceae,Gentianales,0,0
Bupleurum mundii,Bupleurum mundii,Bupleurum mundtii,Bupleurum,Apiaceae,Apiales,0,0.2
Helichrysum odoratissimum,Helichrysum odoratissimum,Helichrysum odoratissimum,Helichrysum,Asteraceae,Asterales,0,0.36
Stiburus alopecuroides,Stiburus alopecuroides,Eragrostis tincta,Eragrostis,Poaceae,Poales,1,0
Holcus lanatus,Cf holcus lanatus,Holcus lanatus,Holcus,Poaceae,Poales,1,0
Kniphofia porphyrantha,Kniphofia porphyrantha,Kniphofia porphyrantha,Kniphofia,Asphodelaceae,Asparagales,0,0
Satyrium longicauda,C f satyrium longicauda,Satyrium longicauda,Satyrium,Orchidaceae,Asparagales,0,0
Cotula hispida,Cotula hispida,Cotula hispida,Cotula,Asteraceae,Asterales,0,0
Albuca fastigiata,Albuca fastigiata,Albuca fastigiata,Albuca,Hyacinthaceae,Asparagales,0,0
Erica woodii,Erica woodii,Erica woodii,Erica,Ericaceae,Ericales,0,1
Agapanthus campanulatus,Agapanthus campanulatus,Agapanthus campanulatus,Agapanthus,Amaryllidaceae,Asparagales,0,0
Bulbostylis humilis,Bulbostylis humilis,Bulbostylis humilis,Bulbostylis,Cyperaceae,Poales,1,0
Senecio erubescens,Senecio erubescens,Senecio erubescens,Senecio,Asteraceae,Asterales,0,0.11
Moraea inclinata,Moraea inclinata,Moraea inclinata,Moraea,Iridaceae,Asparagales,0,0
Ajuga ophrydis,Ajuga ophrydis,Ajuga ophrydis,Ajuga,Lamiaceae,Lamiales,0,0
Helichrysum krookii,Helichrysum krookii,Helichrysum krookii,Helichrysum,Asteraceae,Asterales,0,0.36
Helichrysum dasycephalum,Helichrysum dasycephalum,Helichrysum dasycephalum,Helichrysum,Asteraceae,Asterales,0,0.36
Merxmuellera drakensbergensis,Merxmuellera drakensbergensis,Merxmuellera drakensbergensis,Merxmuellera,Poaceae,Poales,1,0.04
Argyrolobium sp.,Argyrolobium sp.,NA,Argyrolobium,Fabaceae,Fabales,0,0
Trifolium burchellianum,Trifolium burchellianum,Trifolium burchellianum,Trifolium,Fabaceae,Fabales,0,0
Dimorphotheca jucunda,Dimorphotheca jucunda,Dimorphotheca jucunda,Dimorphotheca,Asteraceae,Asterales,0,0
Valeriana capensis,Valeriana capensis,Valeriana capensis,Valeriana,Valerianaceae,Dipsacales,0,0
Vernonia natalensis,Vernonia natalensis,Hilliardiella aristata,Hilliardiella,Asteraceae,Asterales,0,0.22
Fabaceae sp,Fabaceae sp,NA,NA,Fabaceae,Fabales,0,0.89
Pentameris exserta,Pentameris exserta,Pentameris exserta,Pentameris,Poaceae,Poales,1,0.04
Helichrysum adenocarpum,Helichrysum adenocarpum,Helichrysum adenocarpum,Helichrysum,Asteraceae,Asterales,0,0.36
Brunsvigia radulosa,Brunsvigia radulosa,Brunsvigia radulosa,Brunsvigia,Amaryllidaceae,Asparagales,0,0
Watsonia lepida,Watsonia lepida,Watsonia lepida,Watsonia,Iridaceae,Asparagales,0,0
Cymbopogon caesius,Cymbopogon caesius,Cymbopogon caesius,Cymbopogon,Poaceae,Poales,1,0
Anthoxanthum ecklonii,Anthoxanthum ecklonii,Anthoxanthum ecklonii,Anthoxanthum,Poaceae,Poales,1,0
Athrixia needle,Athrixia needle,NA,Athrixia,Asteraceae,Asterales,0,0.22
Polygala rhinostigma,Polygala rhinostigma,Polygala rhinostigma,Polygala,Polygalaceae,Fabales,0,0.4
Alepidea setifera,Alepidea setifera,Alepidea setifera,Alepidea,Apiaceae,Apiales,0,0.18
Pimpinella caffra,Pimpinella caffra,Pimpinella caffra,Pimpinella,Apiaceae,Apiales,0,0.18
Helichrysum evansii,Helichrysum evansii,Helichrysum evansii,Helichrysum,Asteraceae,Asterales,0,0.36
Tenaxia disticha,Tenaxia disticha,Tenaxia disticha,Tenaxia,Poaceae,Poales,1,0.04
Lotononis lotononoides,Lotononis lotononoides,Lotononis lotononoides,Lotononis,Fabaceae,Fabales,0,1
Disa stachyoides,Disa stachyoides,Disa stachyoides,Disa,Orchidaceae,Asparagales,0,0
Stachys natalensis,Stachys cf natalensis,Stachys natalensis,Stachys,Lamiaceae,Lamiales,0,0.1
Festuca costata,Festuca costata,Festuca costata,Festuca,Poaceae,Poales,1,0
Eucomis humilis,Eucomis cf humilis,Eucomis humilis,Eucomis,Hyacinthaceae,Asparagales,0,0
Monsonia attenuata,Monsonia attenuata,Monsonia attenuata,Monsonia,Geraniaceae,Geraniales,0,0
Senecio discodregeanus,Senecio discodregeanus,Senecio discodregeanus,Senecio,Asteraceae,Asterales,0,0.11
Senecio tall,Senecio tall,Senecio exul,Senecio,Asteraceae,Asterales,0,0.11
Cinidia sp,Less blunt leaved cinidia,NA,Cinidia,Amaryllidaceae,Asparagales,0,0
Cineraria sp,Cineraria sp,NA,Cineraria,Asteraceae,Asterales,0,0.22
Zaluzianskya sp,Zaluzianskya sp,NA,Zaluzianskya,Scrophulariaceae,Lamiales,0,0
Rubiaceae shrubby thing,Rubiaceae shrubby thing,NA,NA,Rubiaceae,Gentianales,0,0.84
Jamesbrittenia pristisepala,Jamesbrittenia pristisepala,Jamesbrittenia pristisepala,Jamesbrittenia,Scrophulariaceae,Lamiales,0,0
Alepidea thodei,Alepidea thodei,Alepidea thodei,Alepidea,Apiaceae,Apiales,0,0.18
Erica thodei,Erica thodei,Erica thodei,Erica,Ericaceae,Ericales,0,1
Thesium sp,Thesium sp2,NA,Thesium,Thesiaceae,Santalales,0,0
Ursinia montana,Ursinia montana,Ursinia montana,Ursinia,Asteraceae,Asterales,0,0
Psammotropha obtusa,Psammotropha obtusa,Psammotropha obtusa,Psammotropha,Molluginaceae,Caryophyllales,0,0.1
Hypoxis parvula,Hypoxis parvula,Hypoxis parvula,Hypoxis,Hypoxidaceae,Asparagales,0,0
Scilla sp,Soft scilla,NA,Scilla,Hyacinthaceae,Asparagales,0,0
Muraltia saxicola,Muraltia saxicola,Muraltia saxicola,Muraltia,Polygalaceae,Fabales,0,0.86
Asteraceae sp.,Stubble daisy,NA,NA,Asteraceae,Asterales,0,0.22
Moraea alticola,Moraea alticola,Moraea alticola,Moraea,Iridaceae,Asparagales,0,0
Eucomis autumnalis,Eucomis autumnalis,Eucomis autumnalis,Eucomis,Hyacinthaceae,Asparagales,0,0
Drimia sphaerocephala,Drimia sphaerocephala,Drimia sphaerocephala,Drimia,Hyacinthaceae,Asparagales,0,0
Geranium multisectum,Geranium multisectum,Geranium multisectum,Geranium,Geraniaceae,Geraniales,0,0
Cerastium arabidis,Cerastium arabidis,Cerastium arabidis,Cerastium,Caryophyllaceae,Caryophyllales,0,0
Argyrolobium sp,Argyrolobium sp,NA,Argyrolobium,Fabaceae,Fabales,0,0
Satyrium longicauda,Satyrium longicauda,Satyrium longicauda,Satyrium,Orchidaceae,Asparagales,0,0
Oxalis obliquifolia,Oxalis obliquifolia,Oxalis obliquifolia,Oxalis,Oxalidaceae,Oxalidales,0,0
Helichrysum cymosum,Helichrysum cymosum,Helichrysum cymosum,Helichrysum,Asteraceae,Asterales,0,0.5
Helichrysum albo-brunneum,Cf helichrysum albo brunneum,Helichrysum albobrunneum,Helichrysum,Asteraceae,Asterales,0,0.36
Hirpicium armeriodes,Hirpicium armeriodes,NA NA,NA,Asteraceae,Asterales,0,0.22
Hirpicium armeriodes,Hirpicium armeriodes,NA,Hirpicium,Asteraceae,Asterales,0,0
Pelargonium zonale,Pelargonium zonale,Pelargonium zonale,Pelargonium,Geraniaceae,Geraniales,0,1
Berkheya rosulata,Berkheya rosulata,Berkheya rosulata,Berkheya,Asteraceae,Asterales,0,0
Cheilanthes eckloniana,Cheilanthes eckloniana,Cheilanthes eckloniana,Cheilanthes,Pteridaceae,Polypodiales,0,0
Indigofera sp,Indigofera sp,NA,Indigofera,Fabaceae,Fabales,0,0.29
Heliophila rigidiuscula,Heliophila rigidiuscula,Heliophila rigidiuscula,Heliophila,Brassicaceae,Brassicales,0,0.5
Ehrharta longigluma,Ehrharta longigluma,Ehrharta longigluma,Ehrharta,Poaceae,Poales,1,0
Erica green stem,Erica green stem,Erica greyi,Erica,Ericaceae,Ericales,0,1
Heliophila elongata,Heliophila elongata,Heliophila elongata,Heliophila,Brassicaceae,Brassicales,0,0.5
Cynoglossum hispidum,Cynoglossum hispidum,Cynoglossum hispidum,Cynoglossum,Boraginaceae,Boraginales,0,0
Schistostephium crataegifolium,Schistostephium crataegifolium,Schistostephium crataegifolium,Schistostephium,Asteraceae,Asterales,0,1
Ledebouria cf cooperi,Ledebouria cf cooperi,NA,Ledebouria,Hyacinthaceae,Asparagales,0,0
Athrixia fontana,Athrixia fontana,Athrixia fontana,Athrixia,Asteraceae,Asterales,0,0.22
Aster perfoliatus,Aster perfoliatus,Afroaster perfoliatus,Afroaster,Asteraceae,Asterales,0,0.22
Eucomis sp,Eucomis purple base,NA,Eucomis,Hyacinthaceae,Asparagales,0,0
Helichrysum spiralepis,Helichrysum spiralepis,Helichrysum spiralepis,Helichrysum,Asteraceae,Asterales,0,0.36
Senecio sp,Purple base senecio,NA,Senecio,Asteraceae,Asterales,0,0.11
Alepidia sp.,Alepidia sp.,NA,Alepidia,Apiaceae,Apiales,0,0.18
Cliffortia nitidula,Cliffortia nitidula,Cliffortia nitidula,Cliffortia,Rosaceae,Rosales,0,0.93
Alepidea woodii,Alepidea woodii,Alepidea woodii,Alepidea,Apiaceae,Apiales,0,0.18
